"1:04:11",0.866
"8:42:31",3.18
"19:19:56",8.516
"1:39:03",2.612
"18:26:18",6.566
"19:37:41",6.104
"1:09:23",1.004
"0:49:37",4.214
"17:48:36",20.8
"18:37:32",4.718
"2:09:44",0.236
"7:24:25",1.048
"0:14:45",2.438
"7:25:07",1.054
"18:49:15",11.018
"20:43:47",6.268
"21:26:29",4.762
"18:55:28",10.71
"22:15:25",8.616
"0:43:43",4.066
"19:31:58",6.634
"1:37:51",5.882
"18:49:27",12.566
"19:38:23",6.736
"19:08:31",9.55
"0:10:03",4.114
"20:03:12",6.528
"18:32:07",10.756
"22:44:47",12.184
"19:49:12",8.646
"21:48:56",2.594
"1:57:00",0.468
"8:01:50",0.756
"23:51:40",21.644
"0:15:27",2.316
"21:32:55",3.536
"22:27:08",3.47
"23:56:52",7.58
"23:49:56",28.664
"18:48:33",11.51
"18:36:50",6.714
"19:39:05",7.484
"2:39:24",5.932
"7:29:37",2.07
"1:40:16",3.128
"8:02:32",0.852
"2:04:07",0.376
"7:58:23",0.382
"21:25:47",5.008
"1:10:36",0.798
"0:03:07",5.932
"21:14:58",5.668
"1:50:11",0.748
"22:14:43",11.14
"0:51:21",2.642
"20:36:39",13.21
"21:16:11",6.248
"23:58:04",13.718
"1:21:01",2.404
"7:32:03",3.274
"20:15:32",3.032
"0:37:17",2.79
"23:33:06",60.008
"8:13:08",0.682
"22:04:48",10.306
"21:33:37",1.78
"2:10:57",0.39
"17:54:13",10.508
"0:02:25",5.426
"20:37:10",12.702
"18:09:16",5.936
"7:31:21",3.202
"21:38:50",3.846
"7:42:58",2.674
"19:07:48",14.154
"1:44:58",1.934
"21:20:11",3.3
"7:57:41",0.198
"17:47:42",9.568
"19:18:50",12.758
"22:25:44",4.522
"17:49:18",16.728
"2:12:10",0.456
"17:36:04",12.782
"1:32:38",4.384
"18:03:58",13.624
"20:02:30",5.358
"23:12:11",36.214
"21:37:06",3.68
"17:29:33",9.034
"18:07:40",3.17
"0:01:43",6.25
"17:44:31",13.506
"21:34:19",4.06
"7:45:45",3.016
"19:57:14",6.07
"20:14:50",3.336
"2:28:11",5.352
"23:45:14",57.608
"21:55:03",7.124
"18:31:25",10.89
"19:09:13",9.838
"22:16:07",7.518
"17:25:52",13.992
"8:25:28",4.574
"20:01:47",4.566
"22:00:06",7.166
"1:17:01",2.514
"0:25:09",2.016
"19:45:43",6.258
"0:39:43",2.334
"18:15:54",7.466
"20:13:06",13.376
"17:30:09",9.186
"21:22:48",3.638
"0:34:31",3.088
"0:04:51",5.93
"19:01:29",7.178
"22:07:35",9.954
"17:51:14",13.782
"19:54:06",5.978
"19:05:20",8.482
"1:43:03",4.39
"22:52:37",35.07
"7:49:23",1.52
"1:28:38",3.584
"8:38:31",7.846
"21:00:09",6.6
"2:19:26",1.418
"23:34:50",61.868
"21:31:00",5.982
"21:06:04",3.97
"19:04:49",7.744
"22:48:16",14.528
"0:54:19",2.61
"1:13:23",0.896
"18:46:44",10.248
"1:48:27",0.85
"22:24:09",4.246
"8:23:03",6.4
"20:00:13",4.456
"18:21:43",10.476
"22:22:45",4.842
"21:13:03",6.024
"8:08:38",0.84
"20:24:07",7.862
"20:39:47",12.082
"21:39:32",3.08
"17:59:01",14.558
"7:38:49",2.512
"18:05:23",4.394
"23:31:02",65.596
"19:10:38",21.512
"0:57:15",1.224
"20:35:57",20.952
"21:35:42",3.922
"17:29:21",9.24
"19:12:15",29.578
"1:17:53",2.406
"17:33:30",9.922
"21:46:40",2.684
"19:42:23",6.64
"0:28:57",5.226
"21:40:45",4.118
"21:50:52",4.354
"7:26:51",2.588
"19:48:30",7.976
"22:55:24",42.428
"17:38:17",15.034
"19:30:12",9.356
"17:33:54",9.43
"18:39:48",5.754
"1:01:15",0.908
"18:45:58",9.868
"23:29:58",62.62
"23:53:44",38.436
"0:18:02",2.218
"2:16:40",0.306
"7:41:15",2.254
"8:16:16",1.404
"23:48:22",48.964
"20:28:49",9.122
"2:02:55",0.372
"19:47:07",15.906
"18:53:00",9.11
"21:28:55",5.682
"21:43:32",4.778
"20:45:00",8.946
"23:41:57",83.946
"18:42:26",8.592
"0:31:23",4.452
"0:46:29",4.588
"8:20:16",3.28
"7:50:36",1.74
"21:10:16",3.22
"19:24:14",6.02
"1:54:13",0.58
"17:57:36",9.056
"21:24:01",2.684
"20:09:18",13.636
"1:52:48",0.438
"22:37:27",4.222
"18:23:07",6.34
"2:01:21",0.246
"21:07:38",2.552
"18:38:14",5.254
"1:01:36",1.126
"19:15:26",10.82
"18:54:34",8.552
"1:25:31",1.752
"21:09:03",4.722
"22:06:01",10.518
"1:24:08",1.834
"8:35:23",6.366
"23:40:02",59.256
"0:19:57",2.772
"19:52:42",6.742
"20:42:13",8.476
"18:35:15",8.614
"0:58:49",0.898
"20:06:20",11.882
"7:37:15",2.38
"18:12:09",5.46
"19:13:50",23.6
"20:39:26",10.7
"1:39:55",3.79
"22:43:13",16.942
"21:13:24",4.094
"8:28:36",4.28
"0:10:55",2.816
"8:00:27",0.108
"17:57:57",8.614
"1:42:42",4.286
"21:45:48",2.64
"22:28:43",5.464
"8:41:08",3.574
"17:40:04",21.314
"18:01:29",14.33
"18:04:20",10.092
"8:04:57",0.432
"8:05:40",0.652
"8:38:10",8.47
"1:05:45",0.932
"2:00:29",0.254
"20:07:02",13.416
"21:28:34",5.154
"7:54:45",0.318
"21:41:06",5.252
"23:26:20",71.41
"17:42:02",8.64
"1:13:44",0.896
"17:41:19",9.1
"20:56:41",5.36
"0:18:23",2.6
"17:20:55",18.582
"20:23:46",11.124
"21:12:42",5.068
"19:22:50",10.682
"21:09:55",4.332
"21:36:45",2.788
"22:29:25",3.78
"0:11:37",2.68
"7:26:30",2.278
"1:00:33",1.024
"0:53:58",3.322
"17:34:15",9.416
"0:05:12",6.02
"18:00:47",7.02
"19:25:17",5.7
"1:59:04",0.302
"23:42:39",59.972
"18:44:43",7.898
"7:40:54",2.634
"22:47:55",12.634
"0:13:11",2.504
"7:39:41",2.846
"23:27:02",96.812
"8:27:33",4.608
"22:05:09",8.014
"21:39:11",4.548
"19:26:00",6.836
"20:41:10",4.268
"7:22:00",1.58
"21:56:37",7.496
"19:44:40",7.496
"17:44:10",11.17
"21:21:45",6.35
"7:48:20",1.586
"22:51:34",14.506
"18:14:51",4.686
"19:55:09",9.646
"1:21:53",3.06
"17:46:07",13.294
"19:20:17",10.064
"23:48:01",62.312
"20:05:28",11.048
"22:37:48",5.216
"21:47:22",2.374
"0:04:30",5.538
"18:50:32",11.508
"23:43:10",82.596
"7:33:37",2.698
"0:07:58",2.36
"8:26:51",4.46
"18:57:57",6.444
"20:32:18",10.154
"1:35:25",4.216
"0:55:42",2.202
"22:50:52",34.186
"21:48:04",2.232
"23:35:11",58.902
"0:39:22",2.292
"1:43:24",3.188
"20:48:19",3.122
"18:20:39",7.734
"22:04:27",9.29
"21:18:27",3.77
"8:02:11",1.094
"18:27:53",10.512
"21:32:03",6.168
"2:15:48",0.548
"7:47:49",1.97
"20:04:46",20.212
"20:34:23",15.962
"0:40:35",2.366
"22:18:12",9.88
"8:39:13",3.706
"8:40:26",3.464
"1:49:50",0.882
"23:59:38",5.458
"21:40:24",3.914
"20:40:39",4.654
"1:32:59",3.986
"18:58:39",7.208
"20:25:42",7.924
"21:19:50",4.962
"19:49:33",7.972
"20:02:51",4.88
"19:54:58",9.414
"21:19:09",3.726
"22:20:07",7.354
"23:50:48",40.812
"22:57:50",23.14
"0:59:20",1.034
"19:11:21",23.556
"17:31:37",9.68
"2:14:14",1.014
"18:22:25",6.256
"20:37:31",8.914
"0:15:06",2.416
"0:21:20",3.39
"21:58:11",9.398
"17:31:49",9.734
"17:58:18",15.708
"21:31:52",6.536
"21:15:19",6.004
"21:54:21",7.126
"17:59:53",11.328
"19:38:02",7.078
"0:24:27",2.252
"7:56:18",0.168
"8:23:55",8.454
"8:07:35",0.694
"8:10:22",0.706
"0:32:26",3.124
"18:47:38",11.878
"1:18:35",3.182
"0:29:39",3.634
"19:43:05",6.792
"1:26:34",3.328
"0:37:38",2.068
"20:15:11",2.956
"21:24:53",5.484
"21:59:45",8.514
"21:55:55",7.666
"18:31:46",10.338
"22:50:00",23.95
"22:16:28",7.778
"17:53:31",14.158
"0:25:50",2.2
"19:17:55",11.49
"22:23:27",4.314
"17:24:48",15.24
"7:32:55",3.126
"1:45:19",2.16
"22:12:38",16.494
"23:47:40",57.198
"18:06:05",5.284
"18:43:08",7.308
"18:53:52",9.186
"0:08:19",3.5
"8:36:05",6.638
"19:03:46",6.672
"7:43:19",2.26
"19:16:08",12.992
"23:00:06",38.812
"17:50:11",19.574
"2:02:03",0.146
"8:11:56",0.506
"7:27:12",2.356
"22:38:09",5.79
"19:23:32",3.568
"18:11:48",5.06
"22:15:04",10.538
"18:55:49",10.756
"22:33:58",4.026
"19:08:10",16.496
"19:47:59",7.88
"23:46:17",56.28
"8:30:19",4.586
"19:14:11",21.708
"0:02:46",5.63
"20:59:48",5.382
"7:36:33",2.882
"21:02:35",6.344
"17:21:06",15.792
"21:30:29",6.548
"22:08:17",10.228
"18:16:36",6.994
"2:09:23",0.238
"19:53:24",6.69
"2:18:44",1.362
"19:46:25",16.234
"22:53:19",37.702
"23:54:26",22.392
"7:24:46",1.256
"22:54:42",30.796
"2:10:36",0.544
"22:26:47",3.132
"20:08:36",5.27
"19:39:26",8.558
"21:44:14",6.168
"20:22:12",15.582
"23:27:54",78.926
"21:29:16",5.47
"20:44:29",7.328
"21:51:13",6.348
"8:22:21",6.968
"0:28:05",2.79
"8:37:39",9.56
"20:58:14",6.252
"23:31:33",71.132
"8:08:59",0.872
"20:52:51",3.684
"2:12:31",0.75
"7:33:06",3.458
"7:38:18",2.524
"17:50:53",14.266
"0:52:24",3.024
"23:59:07",5.702
"22:30:07",3.382
"0:57:36",1.12
"1:24:40",1.572
"22:37:06",4.186
"2:01:52",0.12
"22:54:21",51.72
"8:32:57",2.824
"21:58:42",6.498
"23:29:27",64.086
"7:45:24",3.016
"21:06:35",2.464
"19:41:10",7.566
"19:47:38",8.462
"7:57:20",0.476
"1:28:59",4.282
"20:28:18",8.778
"22:01:09",11.88
"0:06:46",6.816
"1:18:04",2.242
"0:29:08",5.146
"22:05:40",10.928
"0:30:20",3.912
"22:35:32",2.876
"2:20:18",1.362
"21:17:14",3.378
"0:51:42",2.622
"20:36:18",13.112
"7:44:32",2.094
"21:25:14",5.052
"1:23:47",2.252
"7:49:44",1.57
"23:30:51",64.638
"19:16:30",12.192
"20:15:53",2.95
"18:39:17",7.154
"17:51:35",10.748
"1:45:50",2.118
"22:00:27",14.688
"0:53:16",2.948
"18:57:14",7.126
"21:18:06",3.694
"22:06:22",28.798
"7:40:12",2.434
"7:52:20",0.404
"20:01:26",3.588
"0:58:28",1.15
"23:36:45",65.006
"19:59:09",6.284
"18:31:04",8.326
"7:43:50",2.828
"22:24:41",4.376
"8:10:43",0.596
"1:25:00",2.4
"8:20:37",3.528
"0:11:06",3.596
"0:18:54",3.462
"1:37:30",5.502
"1:54:44",0.494
"21:24:22",5.178
"21:30:08",5.268
"19:46:46",24.924
"23:37:05",75.25
"20:46:25",7.688
"1:05:14",0.854
"7:31:42",2.908
"23:48:53",32.084
"0:07:06",7.11
"18:19:14",9.068
"23:41:05",85.86
"21:26:08",5.42
"19:18:06",12.614
"8:38:52",8.47
"17:48:57",18.696
"8:03:45",0.854
"19:36:03",4.884
"20:45:21",7.48
"0:43:22",5.854
"18:53:31",9.15
"17:39:43",20.248
"8:33:49",3.674
"2:17:31",0.566
"19:42:02",6.522
"7:37:46",2.542
"1:09:02",0.664
"22:07:14",10.984
"1:40:37",3.318
"18:58:18",6.436
"7:29:58",2.07
"18:41:23",7.748
"19:37:07",6.208
"21:07:07",2.954
"19:35:31",5.384
"19:29:20",6.458
"0:28:36",4.388
"21:29:58",5.184
"22:36:14",4.076
"19:17:34",11.988
"1:12:20",0.628
"20:42:44",9.668
"18:54:55",7.39
"1:14:57",0.94
"22:10:22",27.488
"23:56:31",6.27
"20:21:52",14.302
"23:44:01",86.562
"19:31:15",6.282
"17:28:56",10.834
"1:01:57",0.98
"0:42:30",4.464
"22:29:04",4.544
"17:49:50",18.022
"18:07:08",4.08
"21:09:24",4.868
"0:50:29",3.872
"19:15:05",20.828
"20:38:13",11.584
"22:44:26",14.25
"8:21:29",6.272
"21:56:06",7.834
"0:15:58",1.95
"21:47:43",2.004
"7:25:38",2.806
"18:32:28",11.172
"19:08:52",10.338
"1:44:37",1.642
"21:28:13",5.882
"22:15:46",7.57
"18:56:42",11.52
"19:13:18",22.666
"0:12:50",2.274
"0:26:32",2.114
"18:26:49",5.618
"21:27:21",5.178
"1:41:29",2.576
"19:37:20",6.372
"2:27:50",3.89
"23:28:15",76.29
"18:10:12",4.702
"19:48:51",8.818
"18:59:55",9.132
"21:49:07",2.526
"23:39:10",78.698
"7:29:06",2.07
"21:59:14",8.308
"2:05:21",0.244
"22:47:13",12.388
"8:35:44",5.436
"22:27:40",4.858
"18:46:11",9.758
"8:40:47",2.924
"8:25:49",3.928
"18:35:36",10.028
"17:25:31",19.656
"19:19:01",10.528
"20:06:41",13.136
"8:06:53",0.526
"1:00:02",1.204
"1:25:52",2.096
"23:37:57",65.902
"7:54:24",0.298
"0:31:44",4.226
"1:32:17",3.6
"23:33:58",82.78
"0:54:50",2.486
"21:35:21",3.79
"7:22:52",1.4
"8:13:40",1.444
"18:05:44",4.21
"20:35:26",25.028
"21:07:59",2.582
"20:00:34",4.828
"20:32:49",12.014
"18:46:23",9.388
"22:48:58",11.028
"22:03:14",9.982
"22:03:35",10.378
"19:04:07",6.106
"20:18:40",4.488
"0:26:01",1.72
"2:11:18",0.298
"0:27:44",3.782
"17:46:28",13.142
"18:02:12",13.468
"1:48:48",0.968
"19:38:44",6.136
"20:56:20",4.934
"19:07:27",15.278
"8:09:40",1.008
"8:36:57",8.996
"18:42:47",8.678
"20:03:33",4.734
"8:42:00",1.706
"20:20:07",4.254
"21:50:31",4.37
"0:14:14",2.754
"21:53:29",8.192
"21:21:14",4.598
"1:21:32",2.964
"19:58:17",5.954
"8:02:53",0.974
"19:10:17",19.884
"2:39:45",2.204
"7:34:50",3.266
"22:18:54",9.344
"8:27:02",4.22
"22:59:45",35.602
"0:49:06",4.318
"1:10:57",0.568
"8:39:44",3.648
"21:00:41",4.752
"7:30:29",2.288
"21:57:50",9.254
"7:33:58",2.83
"20:19:32",3.88
"23:54:47",23.01
"21:50:10",2.66
"7:50:15",1.478
"22:21:21",5.052
"0:32:47",3.506
"1:18:56",3.848
"19:53:45",5.514
"18:16:15",6.788
"23:46:48",57.86
"17:27:19",15.57
"0:19:05",3.148
"0:55:21",2.528
"1:52:27",0.77
"8:14:43",2.07
"18:13:47",6.596
"22:04:06",9.388
"18:20:18",8.55
"0:37:59",2.48
"2:01:00",0.162
"22:48:37",16.13
"21:31:21",6.364
"2:19:47",1.93
"7:25:59",2.636
"20:19:44",3.564
"21:23:09",4.204
"22:30:59",3.966
"0:24:48",2.236
"1:44:16",1.688
"23:41:36",68.876
"20:33:10",11.122
"22:51:13",14.654
"22:49:29",20.886
"19:49:54",9.554
"23:38:50",67.082
"21:02:56",5.436
"17:28:35",10.74
"18:02:33",15.476
"7:46:57",2.084
"19:54:37",9.058
"17:58:40",12.796
"20:38:34",11.588
"21:22:17",3.958
"22:52:16",33.22
"19:45:22",5.6
"17:30:31",9.464
"22:42:09",4.852
"2:10:15",0.318
"21:29:37",5.208
"20:34:02",18.176
"21:32:24",2.998
"22:18:33",9.68
"20:26:03",7.466
"23:59:59",6.1
"8:22:42",7.464
"2:15:27",0.72
"8:27:54",4.6
"17:43:05",13.018
"18:21:22",7.908
"0:11:58",2.672
"18:10:23",5.394
"22:11:25",15.562
"1:20:40",2.262
"8:23:34",6.68
"21:27:42",5.296
"2:00:08",0.196
"1:51:24",0.554
"0:38:40",2.044
"8:31:33",4.444
"21:08:52",5.586
"0:08:51",3.432
"18:43:40",6.01
"7:36:02",3.216
"18:45:15",9.252
"18:50:11",13.496
"22:22:24",5.726
"21:54:42",6.712
"20:43:16",6.762
"23:55:39",16.796
"8:36:36",9.632
"0:59:41",0.86
"1:14:36",0.586
"8:20:58",3.19
"22:33:15",3.858
"17:53:52",13.784
"19:27:04",5.724
"20:35:05",17.224
"0:16:50",1.866
"21:45:27",2.892
"0:53:37",3.356
"7:53:32",0.254
"20:52:19",3.558
"18:29:29",8.612
"2:04:28",0.136
"21:03:48",1.488
"20:08:05",6.308
"7:59:35",0.382
"23:27:23",79.402
"8:06:32",0.618
"0:03:59",9.278
"21:10:47",3.576
"22:47:34",9.608
"1:47:45",0.966
"0:20:28",3.142
"18:00:04",9.576
"8:37:08",7.452
"21:36:24",3.508
"19:28:28",7.162
"20:44:08",7.258
"0:12:09",2.904
"23:34:09",73.934
"2:28:42",6.27
"21:06:56",2.514
"0:17:10",2.642
"21:56:58",8.986
"18:04:41",10.502
"19:51:50",7.934
"7:27:43",2.01
"22:35:11",2.662
"23:44:53",82.104
"20:55:27",3.224
"0:09:11",4.288
"7:35:42",3.358
"17:50:32",14.678
"19:40:18",7.35
"22:43:34",13.59
"20:39:05",12.81
"22:13:30",10.256
"0:10:34",2.652
"0:49:58",4.024
"0:52:45",2.568
"0:57:57",1.152
"20:20:59",3.682
"1:03:09",1.02
"21:44:35",6.522
"2:21:10",0.624
"20:08:57",6.026
"1:12:41",0.608
"17:32:02",9.278
"18:41:44",8.646
"19:35:52",5.89
"2:18:23",1.48
"0:40:14",1.896
"19:06:35",8.658
"19:32:19",5.316
"19:39:47",10.118
"0:05:43",5.934
"20:58:35",5.32
"21:40:03",3.678
"23:35:42",65.218
"7:44:53",2.45
"7:56:39",0.362
"1:00:54",0.998
"0:13:42",1.944
"22:08:38",10.536
"17:21:27",14.642
"1:07:50",0.794
"1:35:46",4.64
"19:43:26",6.386
"21:48:35",2.536
"0:21:41",2.766
"17:51:56",14.33
"8:41:39",2.034
"1:43:45",2.89
"0:33:39",3.766
"18:40:20",3.868
"18:11:27",5.154
"23:50:27",45.692
"17:40:25",17.774
"18:37:53",4.186
"20:05:49",8.944
"7:36:54",3.508
"17:54:44",10.458
"17:47:21",8.466
"8:07:56",0.58
"23:43:41",59.568
"20:54:15",4.152
"21:13:55",4.098
"21:33:16",1.94
"7:39:09",1.808
"19:00:47",6.944
"21:52:46",7.162
"17:34:58",12.234
"1:19:48",2.362
"1:57:52",0.316
"8:00:48",0.22
"8:34:41",3.25
"18:22:46",6.162
"19:23:53",3.108
"23:31:54",79.806
"2:14:35",0.528
"20:40:08",12.204
"22:16:49",9.716
"8:11:35",0.524
"22:50:21",33.37
"21:55:34",8.518
"23:49:04",35.48
"19:56:01",6.266
"7:40:33",2.202
"1:50:32",0.616
"17:24:27",12.89
"22:23:48",4.476
"20:01:05",4.506
"7:32:34",3.246
"23:38:08",54.874
"20:15:42",2.746
"23:52:32",25.498
"1:41:08",4.268
"19:52:00",10.176
"0:37:07",2.338
"7:37:25",1.562
"19:48:20",9.29
"18:18:31",9.462
"23:28:46",63.048
"18:06:47",4.378
"0:02:15",5.354
"19:51:29",7.944
"21:25:25",5.292
"0:21:51",3.242
"21:17:03",5.262
"21:24:43",5.172
"2:29:03",6.05
"17:46:49",14.424
"1:40:26",3.902
"20:44:40",8.802
"8:21:08",2.778
"18:42:16",9.21
"1:31:46",5.172
"20:37:00",14.302
"21:34:29",3.416
"2:11:49",0.424
"19:36:24",6.522
"21:11:08",3.37
"0:56:55",2.176
"20:31:05",7.452
"18:56:21",11.99
"1:02:48",1.264
"1:25:21",1.638
"17:47:32",9.25
"8:32:46",3.798
"20:21:31",13.246
"22:24:52",4.55
"19:13:40",25.818
"18:54:24",9.5
"19:15:36",16.04
"20:02:20",4.274
"21:35:00",3.732
"8:34:31",3.28
"17:37:45",17.182
"22:45:39",19.526
"18:23:50",5.004
"19:27:56",8.046
"7:51:48",1.242
"21:07:28",2.598
"17:56:24",11.754
"20:30:23",7.07
"0:31:13",4.894
"1:46:33",1.814
"19:30:54",8.786
"21:44:04",4.214
"7:40:23",2.48
"21:00:20",5.38
"1:09:13",0.774
"22:35:53",2.324
"19:17:45",11.486
"20:42:55",8.812
"21:01:22",5.164
"18:40:52",4.37
"23:30:30",66.934
"19:19:34",9.22
"1:13:13",0.818
"22:07:25",8.678
"21:06:14",2.488
"1:48:17",0.772
"19:41:31",7.25
"22:19:57",7.166
"8:29:48",4.706
"19:11:43",24.206
"8:43:03",3.126
"19:09:35",12.298
"7:23:33",1.078
"18:48:43",10.864
"22:54:00",36.942
"1:08:31",0.968
"20:17:26",3.018
"18:25:14",7.236
"17:56:00",13.882
"19:00:05",10.932
"23:37:26",49.854
"0:42:51",3.678
"21:51:44",6.802
"1:10:26",0.802
"22:36:03",2.69
"18:57:35",5.988
"21:59:35",7.448
"22:06:43",25.432
"1:50:01",0.62
"18:58:29",6.832
"19:42:13",8.146
"22:26:16",2.56
"19:34:59",6.754
"21:42:19",4.05
"18:53:10",9.8
"0:22:01",3.554
"17:43:38",13.628
"18:02:54",15.314
"18:59:44",9.192
"8:02:22",1.02
"2:16:29",0.574
"1:21:11",2.85
"20:05:18",11.338
"20:09:08",5.284
"23:29:48",87.978
"19:16:51",11.188
"8:08:16",0.432
"20:36:49",13.056
"19:07:06",7.612
"18:09:06",5.9
"20:28:39",7.344
"20:49:32",3.566
"19:47:17",9.518
"22:03:56",9.93
"23:32:46",65.14
"0:46:19",3.942
"18:30:53",10.19
"1:27:05",4.37
"7:54:03",0.308
"8:39:23",4.092
"20:35:15",28.452
"21:28:24",5.452
"18:44:01",6.042
"2:28:01",3.46
"22:42:41",15.614
"21:09:13",5.12
"18:32:17",17.026
"19:57:04",7.38
"2:20:49",0.888
"21:04:30",1.646
"7:41:25",2.552
"8:05:08",0.698
"20:14:39",3.366
"22:32:54",3.124
"8:40:36",3.168
"0:49:27",4.176
"1:24:18",2.166
"18:38:04",4.698
"17:30:20",9.208
"8:42:21",2.806
"22:47:24",12.936
"22:09:09",9.944
"7:50:46",0.918
"1:06:58",1.122
"0:00:51",9.632
"0:24:58",2.046
"17:51:04",14.634
"7:25:17",2.56
"7:49:13",1.62
"19:01:19",7.22
"19:35:10",6.254
"1:28:28",4.36
"19:04:39",7.304
"22:48:47",12.616
"20:43:57",6.576
"2:05:32",0.272
"8:38:00",11.97
"1:29:51",2.676
"21:18:58",4.524
"7:29:27",2.04
"19:38:33",6.812
"7:45:03",2.508
"1:33:51",5.81
"20:03:22",4.844
"22:31:31",5.328
"1:55:57",0.48
"0:35:43",1.614
"8:01:19",0.744
"22:41:17",4.306
"22:11:46",13.3
"20:00:23",4.312
"17:25:09",14.002
"19:33:01",5.272
"17:41:29",10.544
"18:10:44",5.57
"20:50:45",3.194
"19:10:28",19.886
"0:23:35",2.612
"0:57:05",2.098
"18:21:53",9.072
"0:20:48",3.276
"17:52:38",13.57
"1:28:07",5.398
"7:22:31",1.116
"21:32:45",3.844
"1:17:43",2.136
"21:40:55",4.45
"21:22:58",3.214
"0:39:53",1.938
"23:36:24",75.846
"2:15:06",0.578
"2:08:52",0.188
"18:00:57",7.336
"20:39:57",12.172
"22:00:48",13.446
"19:23:42",3.006
"17:20:21",21.556
"20:50:24",3.712
"8:27:43",4.354
"7:41:46",2.248
"7:22:10",1.124
"17:27:31",23.074
"20:31:57",11.702
"7:47:39",2.63
"23:46:59",61.042
"19:26:22",6.126
"0:17:31",2.048
"21:56:27",9.232
"17:36:47",14.05
"7:33:47",2.744
"21:47:12",2.75
"22:22:03",5.05
"0:09:32",4.266
"22:39:22",3.25
"20:18:50",5.334
"20:24:17",9.024
"23:56:10",16.37
"17:59:43",11.54
"0:41:27",2.164
"1:49:40",0.69
"2:01:11",0.346
"20:40:49",5.118
"2:10:26",0.428
"21:18:37",4.916
"23:35:01",61.628
"20:57:22",5.768
"8:02:01",0.984
"21:29:26",5.042
"18:21:01",6.248
"22:48:26",16.466
"17:28:24",11.298
"2:04:49",0.12
"2:18:54",1.374
"2:07:17",0.372
"17:20:33",20.486
"18:03:15",10.87
"1:10:05",0.792
"21:21:35",5.26
"1:43:34",2.774
"19:55:19",6.278
"22:04:17",8.93
"1:50:53",0.716
"7:28:04",2.218
"7:30:08",2.068
"18:13:02",6.72
"18:51:25",8.498
"20:34:13",14.26
"19:54:48",10.936
"18:15:12",7.714
"21:22:06",5.362
"23:40:44",67.724
"19:45:33",6.456
"20:17:47",2.97
"0:23:56",2.208
"18:33:52",8.55
"1:19:27",2.466
"0:25:19",2.356
"7:55:26",0.332
"0:33:18",4.376
"18:34:02",9.882
"21:45:38",2.898
"20:43:05",7.718
"19:05:10",7.41
"19:41:52",7.61
"20:56:51",5.004
"19:49:43",8.35
"0:59:30",0.8
"1:27:26",6.392
"1:51:35",0.498
"22:56:37",31.604
"18:12:41",6.462
"1:22:34",2.624
"18:46:55",10.554
"0:47:43",4.948
"7:26:20",2.042
"21:01:43",5.726
"18:38:56",4.82
"1:18:45",4.014
"18:04:30",12.476
"0:32:36",3.292
"23:27:12",83.508
"1:26:44",3.238
"21:44:56",5.942
"18:05:13",4.742
"19:03:04",8.976
"0:38:51",2.152
"20:22:54",11.04
"19:26:10",5.494
"17:45:14",11.846
"17:53:41",11.716
"7:40:44",2.57
"19:44:50",8.992
"19:09:56",13.78
"20:45:42",7.048
"8:34:52",3.292
"7:42:07",2.394
"8:12:48",0.722
"18:50:42",12.876
"18:54:03",8.598
"17:32:13",9.286
"22:05:20",10.114
"19:07:58",16.976
"7:31:11",2.25
"19:40:07",9.346
"23:58:46",6.042
"7:27:54",2.84
"8:26:41",4.532
"22:19:36",7.736
"19:14:01",25.516
"8:30:09",4.002
"23:57:12",9.996
"2:02:13",0.4
"1:31:25",4.562
"18:52:39",9.558
"0:08:30",3.138
"20:16:03",2.65
"17:26:24",13.22
"8:15:56",1.758
"17:54:23",11.906
"18:55:59",7.868
"0:56:34",2.09
"19:33:53",6.856
"8:25:18",4.542
"23:54:16",20.512
"2:13:22",0.682
"1:11:49",0.79
"22:54:52",34.894
"8:41:18",2.166
"17:40:46",19.43
"20:29:10",8.812
"8:17:19",2.526
"0:02:36",5.718
"22:53:29",39.126
"21:51:23",5.794
"19:06:24",9.046
"1:34:33",4.492
"7:24:56",0.97
"7:48:42",1.932
"8:22:11",6.008
"19:46:35",22.288
"20:08:26",5.414
"21:55:13",7.65
"17:50:21",15.54
"23:49:25",31.342
"1:03:51",0.784
"2:15:58",0.672
"21:30:19",6.144
"19:56:22",6.86
"2:03:47",0.436
"22:18:02",7.444
"22:26:37",2.96
"0:44:35",4.39
"22:49:08",14.84
"1:42:32",4.484
"19:00:26",5.314
"22:40:35",6.068
"22:28:01",5.804
"17:58:08",8.27
"19:40:49",7.458
"1:38:43",3.374
"18:25:35",6.416
"0:52:34",3.396
"21:58:21",7.892
"23:50:06",40.644
"19:53:14",6.262
"18:01:39",12.35
"18:16:46",7.84
"20:33:31",14.922
"21:19:40",4.37
"0:21:30",2.984
"18:34:54",7.302
"2:00:39",0.216
"22:29:35",3.728
"1:56:18",0.322
"20:51:06",3.606
"2:28:53",6.17
"19:57:56",6.118
"8:07:45",0.398
"23:26:10",62.13
"18:27:11",5.496
"22:16:38",7.704
"22:32:02",5.078
"23:35:53",60.21
"21:48:46",3.03
"7:43:09",2.506
"17:45:56",11.746
"22:20:50",3.094
"1:15:49",3.012
"1:06:06",1.084
"7:32:45",3.834
"17:24:38",13.708
"22:01:20",8.112
"1:45:09",1.264
"21:37:37",3.998
"22:12:28",15.324
"17:31:15",9.16
"1:46:54",1.926
"17:34:25",9.938
"20:19:11",4.78
"0:05:22",5.42
"8:33:07",3.772
"7:28:56",2.296
"19:57:35",6.332
"20:35:36",28.114
"18:48:22",10.554
"19:33:22",7.886
"19:18:28",11.464
"20:00:44",3.884
"1:20:09",1.846
"17:29:58",8.938
"18:49:38",11.85
"17:39:21",17.212
"2:02:34",0.354
"18:37:43",5.002
"22:25:23",5.02
"19:34:26",5.948
"19:50:36",4.636
"8:09:30",0.808
"23:57:33",9.628
"17:54:02",11.592
"22:40:04",2.854
"21:54:00",7.486
"1:11:39",0.686
"22:52:58",42.366
"8:19:04",2.754
"19:16:19",10.582
"20:51:58",3.292
"21:16:32",5.018
"20:07:55",5.066
"20:45:11",7.576
"18:58:08",6.154
"7:29:48",2.234
"0:48:56",4.276
"7:32:24",3.046
"1:33:20",5.902
"22:07:04",32.592
"19:07:37",13.276
"1:29:30",2.678
"8:41:50",1.966
"18:40:31",4.436
"19:05:41",12.07
"18:19:36",9.572
"19:29:30",7.374
"0:23:14",2.2
"17:52:17",11.838
"1:10:47",0.774
"22:36:24",3.962
"8:35:02",3.578
"20:34:44",14.932
"19:34:38",6.72
"21:53:19",7.994
"7:23:54",1.31
"23:56:41",6.772
"7:56:49",0.32
"23:07:23",32.62
"21:05:43",4.106
"1:17:22",2.146
"20:21:10",3.626
"21:52:15",7.024
"0:09:01",2.874
"2:01:42",0.182
"21:28:03",4.9
"21:10:37",3.194
"8:34:10",4.38
"0:30:42",4.156
"1:08:52",0.918
"21:15:29",6.486
"17:42:55",13.144
"2:04:18",0.282
"23:50:58",35.864
"1:24:50",2.064
"7:45:34",2.698
"21:45:17",2.824
"1:55:26",0.41
"19:31:37",6.872
"17:26:45",13.138
"0:51:32",3.17
"17:43:59",12.45
"22:15:36",8.638
"19:59:20",4.796
"18:30:32",9.348
"23:29:17",76.394
"17:51:25",11.608
"0:22:22",2.144
"20:33:52",18.096
"23:52:53",21.3
"1:16:30",2.166
"19:30:33",8.636
"0:37:28",2.362
"19:08:42",11.138
"1:45:40",1.596
"2:05:11",0.24
"21:25:04",7.038
"21:33:58",1.684
"19:23:11",6.728
"18:18:10",8.972
"1:28:49",3.998
"18:08:23",5.554
"0:58:18",1.182
"7:34:08",2.558
"2:27:40",3.156
"19:46:56",19.59
"7:43:40",2.618
"22:00:17",10.318
"17:55:06",9.816
"8:18:12",2.632
"17:25:41",17.622
"18:39:27",6.35
"8:42:42",2.952
"22:12:59",14.906
"23:36:55",60.19
"7:40:02",1.942
"19:56:43",6.598
"0:49:48",3.738
"17:26:57",13.282
"1:51:14",0.646
"7:46:26",2.022
"18:17:17",8.36
"1:25:42",2.148
"1:35:04",5.032
"22:27:29",5.934
"23:37:47",64.508
"18:21:32",7.734
"20:53:53",4.842
"21:46:09",2.8
"1:54:34",0.666
"18:02:02",13.328
"0:18:44",3.04
"19:27:35",8.498
"8:28:04",4.894
"22:34:29",4.726
"23:47:09",65.292
"19:24:03",3.19
"1:41:40",2.66
"20:43:26",6.304
"2:29:24",6.08
"20:27:16",14.134
"1:19:06",3.276
"8:15:04",1.79
"18:42:37",8.548
"22:03:04",8.874
"2:11:28",0.448
"19:36:45",6.952
"19:38:54",6.946
"21:11:29",6.14
"22:31:10",4.492
"8:27:12",5.422
"22:21:42",4.646
"20:42:34",8.054
"22:59:35",40.322
"19:55:51",6.534
"8:21:40",6.658
"23:40:23",73.742
"17:46:18",12.894
"0:50:40",3.042
"22:02:12",8.542
"20:20:17",4.452
"23:52:01",29.34
"0:42:19",4.6
"20:48:09",3.96
"21:00:51",4.686
"21:40:34",3.582
"20:53:01",3.13
"0:19:36",2.846
"20:39:36",13.216
"23:36:03",68.524
"17:22:21",18.472
"22:18:44",8.994
"2:08:31",0.332
"23:59:17",6.186
"22:24:31",4.498
"20:42:03",7.61
"20:38:23",15.068
"18:20:08",8.092
"19:12:04",31.418
"0:57:26",1.118
"18:54:45",7.284
"18:32:38",13.094
"0:32:57",3.516
"22:17:31",8.106
"21:04:51",1.536
"8:05:29",0.718
"18:38:35",5.466
"20:14:18",3.752
"8:24:47",6.45
"19:02:42",7.618
"1:36:27",7.594
"17:35:08",10.494
"2:20:28",1.166
"21:17:24",3.152
"7:55:57",0.33
"17:23:34",15.626
"8:17:50",2.464
"8:43:34",3.114
"20:03:43",4.768
"20:49:11",2.692
"7:30:40",2.226
"22:56:58",28.288
"7:33:16",2.934
"17:38:28",14.74
"1:09:44",0.814
"17:48:15",19.27
"0:00:30",10.966
"21:49:17",2.472
"7:49:34",1.612
"17:33:08",10.19
"19:41:00",7.672
"22:07:56",11.03
"19:48:41",8.716
"7:34:39",2.53
"23:28:25",66.356
"8:12:17",0.358
"21:27:11",5.172
"17:57:25",10.776
"21:14:37",4.95
"2:05:42",0.31
"1:08:00",1.0
"0:03:28",9.964
"21:07:49",2.838
"19:15:15",10.102
"8:40:57",3.51
"22:47:03",29.9
"18:26:39",6.28
"0:31:34",3.406
"19:42:44",6.226
"7:50:25",1.58
"19:30:02",6.064
"22:06:12",26.066
"8:07:14",0.892
"2:00:18",0.35
"1:07:19",0.618
"1:20:50",2.358
"17:30:53",10.046
"0:54:39",2.586
"7:54:34",0.48
"19:01:50",7.036
"22:16:59",9.822
"19:46:04",5.92
"23:12:26",47.47
"1:30:12",1.858
"19:59:51",5.194
"22:19:15",7.118
"20:37:52",8.804
"8:13:50",1.372
"20:56:30",4.876
"18:34:23",6.294
"22:42:20",15.224
"20:05:39",11.01
"22:08:48",9.706
"8:23:24",6.75
"19:27:14",8.708
"18:32:59",15.296
"19:00:57",6.906
"21:33:06",3.506
"18:33:31",9.488
"2:06:46",0.314
"22:34:08",3.762
"7:27:33",2.172
"21:14:16",5.976
"17:24:17",13.282
"1:21:42",2.956
"20:19:54",4.442
"17:57:46",8.942
"17:21:49",13.53
"0:38:30",2.102
"19:03:25",6.27
"0:05:01",4.98
"0:53:47",3.686
"8:40:05",3.62
"8:39:02",6.054
"20:23:25",8.746
"22:29:14",3.76
"23:26:41",79.716
"17:59:22",10.052
"20:57:01",5.434
"18:44:22",7.758
"21:09:34",4.334
"2:10:05",0.272
"0:39:01",1.812
"22:32:33",2.39
"22:02:33",8.51
"21:50:00",2.474
"0:12:19",2.288
"21:56:48",8.102
"20:31:36",9.87
"23:34:40",54.68
"19:02:21",8.612
"18:13:57",6.816
"21:17:45",3.848
"1:55:05",0.458
"7:45:55",3.308
"1:31:04",2.546
"18:15:33",8.558
"18:50:21",12.562
"22:09:41",26.072
"19:54:27",8.078
"21:22:27",3.234
"22:49:39",24.388
"22:20:18",3.668
"17:23:13",13.284
"20:38:44",13.164
"0:44:56",4.068
"19:45:12",5.54
"22:17:52",7.242
"0:48:04",4.548
"21:57:19",9.022
"0:52:55",2.83
"2:16:08",0.688
"2:07:38",0.122
"2:08:10",0.25
"0:19:15",3.038
"19:25:38",5.948
"21:21:56",5.822
"18:51:04",10.588
"17:22:42",15.224
"22:59:14",41.356
"7:28:25",2.254
"2:15:37",0.496
"0:36:57",1.89
"22:18:23",9.218
"21:16:53",5.214
"0:41:48",2.244
"7:44:11",2.666
"20:30:44",7.058
"1:56:49",0.544
"1:37:19",4.844
"18:40:10",6.94
"17:15:51",0.0
"18:27:32",9.022
"20:51:37",3.842
"21:08:42",5.676
"21:18:16",3.24
"21:29:47",6.012
"22:11:15",16.036
"1:35:56",4.772
"23:35:32",72.338
"23:51:30",25.15
"1:53:30",0.442
"22:25:02",5.264
"7:51:17",1.418
"1:40:47",3.078
"18:45:05",8.426
"1:19:58",2.812
"17:58:30",11.482
"17:39:00",12.992
"22:58:31",36.316
"18:24:00",5.004
"0:33:49",3.504
"22:39:01",2.84
"1:27:57",6.988
"0:51:11",2.736
"20:33:00",10.586
"7:52:09",1.194
"20:52:30",4.204
"8:00:58",0.39
"21:13:45",3.688
"0:52:03",2.78
"1:46:11",1.516
"18:11:05",5.07
"1:03:20",1.002
"22:28:22",4.382
"17:45:35",12.408
"21:48:25",2.688
"21:59:56",7.62
"22:12:07",12.334
"20:22:33",15.476
"18:08:02",3.644
"23:27:33",77.35
"0:36:05",1.968
"17:34:04",10.194
"21:37:58",3.838
"18:43:29",5.814
"0:44:04",4.564
"20:40:18",5.982
"22:35:01",4.948
"0:37:49",2.39
"1:11:18",0.556
"2:28:32",5.39
"1:18:14",4.152
"18:49:05",9.01
"0:09:53",4.138
"20:47:38",3.846
"0:32:05",4.424
"20:28:08",13.932
"18:04:51",11.958
"1:26:13",4.376
"0:02:57",5.784
"0:45:48",4.13
"18:19:57",9.144
"7:47:18",2.214
"22:46:20",30.26
"19:50:15",5.728
"0:17:52",2.426
"23:46:38",55.762
"20:16:34",3.784
"8:03:14",1.104
"8:26:20",4.186
"2:14:45",0.816
"19:47:48",8.588
"22:15:15",7.958
"18:30:11",7.198
"23:38:39",65.174
"18:01:18",10.938
"18:16:25",8.058
"19:53:35",6.45
"21:23:19",3.086
"0:24:06",2.056
"1:42:11",5.222
"18:25:56",6.816
"19:32:29",4.876
"2:03:26",0.582
"22:40:56",5.676
"23:00:27",49.14
"19:11:00",21.91
"19:40:28",7.214
"18:06:26",4.228
"21:15:08",5.608
"22:36:45",4.5
"1:43:55",2.392
"8:22:32",7.92
"19:06:45",8.182
"0:40:04",2.008
"17:53:10",16.438
"19:28:06",8.52
"19:29:51",7.12
"0:16:19",2.346
"20:08:47",5.128
"22:26:58",3.56
"21:26:40",5.414
"21:44:25",7.18
"1:34:12",4.63
"21:05:22",3.802
"7:39:20",2.898
"1:23:58",2.062
"19:58:28",6.442
"18:40:42",4.344
"17:51:46",12.012
"21:05:54",3.85
"19:11:53",29.582
"19:41:21",6.0
"0:05:53",5.536
"1:47:25",1.076
"19:35:20",5.276
"0:35:33",2.17
"19:05:52",8.858
"20:29:00",8.498
"1:29:41",2.298
"21:01:12",5.448
"22:58:52",36.094
"2:20:07",1.602
"19:57:46",6.436
"17:39:32",18.86
"18:22:57",6.072
"20:52:40",3.624
"7:44:43",2.41
"2:13:12",0.838
"21:41:47",4.808
"18:23:39",5.128
"22:30:18",4.088
"22:05:51",9.5
"1:17:33",2.254
"17:52:28",12.53
"0:23:25",2.096
"21:52:36",7.338
"18:57:25",6.862
"19:34:49",6.87
"20:17:16",4.396
"23:36:34",82.708
"21:51:54",6.584
"23:07:12",43.758
"0:34:51",2.038
"21:59:25",8.132
"22:00:38",12.34
"23:31:22",63.318
"21:39:52",3.738
"17:57:04",12.726
"20:34:55",14.156
"1:42:01",3.052
"21:23:51",3.29
"22:06:33",21.386
"2:03:05",0.362
"19:48:09",7.81
"23:28:56",61.552
"8:03:34",1.076
"1:16:51",2.364
"20:58:46",5.28
"0:22:43",1.922
"18:28:03",11.378
"0:07:17",3.452
"19:12:47",42.446
"0:41:58",2.386
"21:42:30",4.116
"20:27:47",13.698
"20:45:32",6.754
"23:42:59",72.732
"22:13:41",10.796
"17:38:49",16.442
"7:51:38",1.346
"0:17:00",2.11
"18:56:31",11.422
"1:36:48",6.708
"1:53:51",0.6
"19:13:29",20.46
"23:37:16",57.824
"18:52:49",7.7
"2:02:23",0.386
"23:29:38",63.26
"19:15:58",14.18
"21:47:54",2.186
"23:52:42",19.494
"20:30:13",7.61
"8:34:21",3.382
"0:06:35",6.686
"20:28:29",7.444
"21:43:12",4.424
"1:02:38",1.17
"20:59:28",4.472
"0:43:11",4.462
"20:46:14",6.924
"21:11:18",6.16
"18:17:38",7.678
"19:33:43",8.688
"18:19:03",9.818
"8:04:16",0.56
"23:41:16",65.98
"19:18:17",10.526
"18:18:21",10.1
"23:53:24",41.34
"1:39:35",3.294
"19:30:44",7.352
"0:45:27",4.2
"19:51:39",9.754
"19:17:23",12.176
"19:52:22",7.306
"19:23:00",7.106
"19:28:48",8.69
"7:26:09",2.282
"22:53:39",45.724
"2:17:42",0.614
"17:56:34",12.504
"8:18:01",2.93
"1:25:11",1.97
"23:40:34",78.706
"7:24:05",1.374
"23:45:46",69.342
"7:29:17",2.014
"8:19:35",2.92
"22:15:57",7.73
"2:08:42",0.342
"22:44:15",12.858
"21:14:26",5.328
"1:09:55",1.062
"8:42:11",2.134
"17:48:04",9.26
"8:24:26",6.116
"1:33:41",6.766
"21:27:32",5.474
"17:23:55",15.13
"0:15:47",2.03
"20:21:41",13.656
"1:55:15",0.314
"19:31:26",6.508
"20:02:09",3.772
"1:59:57",0.196
"18:25:04",8.344
"18:07:19",3.02
"22:41:07",6.112
"19:19:12",9.06
"22:26:06",4.87
"8:06:42",0.87
"0:20:38",3.234
"0:26:21",2.218
"17:41:40",9.476
"22:10:33",30.862
"1:14:46",0.78
"0:47:53",4.674
"22:14:23",9.46
"8:20:48",3.198
"8:28:56",5.404
"1:08:21",0.812
"18:38:46",6.164
"17:55:27",14.578
"18:35:47",7.93
"20:06:52",12.898
"17:25:20",17.426
"17:43:16",13.788
"22:21:31",5.048
"1:00:13",0.912
"7:48:00",2.38
"1:58:02",0.272
"8:01:30",1.036
"1:41:18",3.738
"23:28:04",72.62
"19:44:19",6.63
"8:12:06",0.866
"20:49:22",3.262
"8:16:48",1.46
"21:03:28",1.574
"1:30:54",2.9
"7:58:43",0.316
"0:27:55",3.528
"17:46:39",12.804
"20:54:56",4.502
"18:02:44",13.746
"23:32:04",80.538
"23:57:54",9.144
"7:22:41",1.286
"20:23:05",16.572
"20:14:29",3.066
"18:42:58",7.65
"19:55:30",6.468
"19:02:53",11.548
"0:51:53",2.426
"2:29:13",6.098
"22:03:46",10.516
"2:11:07",0.294
"21:50:20",4.418
"22:45:49",15.862
"7:46:47",2.086
"7:42:38",2.8
"18:48:01",10.376
"21:38:08",3.97
"22:17:10",9.908
"23:44:12",66.1
"18:02:23",12.972
"8:08:06",0.56
"19:42:55",5.958
"20:53:22",4.192
"0:49:17",3.93
"21:00:30",5.546
"19:10:06",12.89
"23:56:20",7.114
"0:00:41",10.066
"18:05:55",4.606
"22:21:10",3.268
"0:38:20",2.116
"8:06:21",0.714
"22:20:39",3.446
"20:33:21",17.89
"21:31:32",6.42
"21:57:08",8.712
"0:20:17",3.304
"0:59:52",0.886
"22:57:29",22.808
"18:13:24",5.754
"1:14:25",0.87
"22:27:50",4.964
"0:25:29",2.254
"7:59:46",0.282
"18:16:04",8.924
"22:31:41",5.422
"1:19:37",2.592
"19:05:00",8.636
"17:27:08",12.084
"2:09:03",0.278
"18:13:36",5.546
"22:52:05",14.112
"22:56:47",23.542
"20:25:10",11.298
"0:33:28",3.996
"22:03:25",9.97
"22:49:18",20.464
"22:58:00",20.32
"1:22:24",1.92
"19:02:32",10.076
"19:53:56",6.408
"20:49:01",3.532
"21:54:53",7.232
"19:24:46",5.632
"1:27:36",6.534
"21:30:50",5.706
"21:14:05",4.128
"17:30:42",9.38
"17:19:09",14.202
"22:11:36",11.338
"20:19:21",4.48
"20:29:52",10.034
"0:31:55",4.374
"7:55:16",0.412
"8:14:32",1.85
"18:10:34",4.644
"18:14:18",5.334
"0:55:10",2.97
"1:26:54",4.044
"0:50:09",4.742
"17:21:38",17.32
"19:03:14",6.432
"8:12:58",0.788
"18:50:00",10.122
"2:03:57",0.414
"7:28:14",1.968
"22:09:20",20.0
"0:27:03",2.04
"2:16:19",0.51
"22:38:30",2.644
"23:33:38",71.19
"23:47:20",67.464
"8:31:22",4.546
"19:26:32",6.362
"0:08:40",3.632
"7:36:13",3.042
"17:26:02",17.77
"22:14:02",11.028
"1:59:36",0.244
"22:33:26",4.61
"17:28:46",11.088
"18:45:26",12.32
"21:27:53",6.182
"22:22:13",4.876
"1:31:15",5.134
"8:30:40",5.134
"21:38:29",3.944
"22:46:41",31.694
"23:39:21",65.318
"19:13:08",33.384
"0:17:21",1.984
"20:31:47",11.19
"20:50:14",3.432
"7:42:17",2.848
"8:15:14",1.528
"7:25:48",2.664
"8:03:55",0.918
"8:19:56",2.568
"0:03:48",10.612
"18:13:12",5.48
"19:25:49",5.864
"22:41:59",6.044
"23:55:28",18.938
"7:53:43",0.236
"8:07:03",0.66
"2:04:39",0.27
"18:21:11",6.53
"1:30:33",2.304
"17:59:33",11.262
"23:26:52",75.766
"20:06:00",21.184
"20:57:12",5.024
"2:20:59",0.67
"18:44:11",8.072
"0:46:50",4.046
"18:51:15",9.036
"22:55:44",48.434
"22:32:44",2.632
"1:15:07",1.034
"18:15:22",7.038
"20:08:16",6.73
"18:00:15",7.644
"1:23:06",2.242
"19:32:08",6.948
"18:33:10",14.062
"18:37:00",6.634
"20:07:34",7.172
"0:01:02",9.24
"22:28:11",4.6
"8:04:37",0.646
"1:38:01",5.882
"19:00:36",5.834
"21:52:57",6.872
"22:01:30",8.944
"21:41:26",4.242
"0:44:45",4.866
"8:33:29",3.13
"18:12:51",6.198
"0:48:35",4.328
"1:38:53",3.564
"8:29:38",3.796
"20:16:55",2.346
"1:04:43",0.974
"21:36:13",3.726
"20:47:17",4.266
"22:40:25",5.502
"7:44:22",2.12
"18:36:29",6.556
"0:09:22",4.892
"22:35:22",2.842
"22:39:12",3.298
"18:27:21",9.07
"7:35:31",3.91
"20:48:40",3.204
"17:42:34",12.75
"20:44:50",8.668
"0:04:09",9.552
"21:37:47",3.728
"2:07:59",0.274
"17:45:24",12.85
"1:06:16",1.176
"21:44:46",7.394
"0:52:14",3.088
"20:22:44",10.056
"22:05:30",10.536
"0:06:56",9.514
"7:41:56",2.484
"18:03:05",15.416
"20:41:42",8.314
"20:54:04",4.156
"23:58:36",6.13
"17:34:47",10.682
"23:42:07",69.284
"8:26:31",4.15
"22:12:18",14.464
"2:06:25",0.264
"17:36:57",15.316
"21:34:39",4.114
"23:43:30",68.528
"18:06:37",4.124
"20:16:13",3.374
"7:47:29",2.232
"17:47:10",11.084
"22:19:26",6.876
"21:20:43",3.158
"18:11:16",4.746
"23:57:02",6.232
"1:57:41",0.258
"19:43:37",6.18
"20:55:38",3.364
"0:47:01",3.904
"0:56:44",1.626
"18:39:07",5.46
"8:41:28",2.534
"20:04:26",23.554
"21:05:33",4.08
"18:34:44",6.51
"18:47:06",10.102
"8:11:24",0.664
"0:41:37",2.248
"1:49:30",0.874
"19:56:12",7.352
"1:34:23",4.64
"22:29:57",3.632
"23:31:43",68.072
"1:42:22",4.612
"21:19:29",5.246
"7:23:02",1.34
"7:48:52",1.578
"22:50:32",31.432
"2:00:50",0.252
"21:12:10",5.814
"8:43:24",3.052
"0:16:08",2.358
"18:08:45",5.734
"18:25:25",7.14
"23:49:45",27.122
"20:04:05",5.694
"7:30:50",1.952
"22:26:27",3.054
"18:56:10",8.95
"23:44:33",89.096
"20:55:07",4.158
"21:15:40",5.17
"0:26:52",1.98
"21:45:07",6.036
"23:46:07",65.62
"8:17:40",3.04
"22:10:02",31.326
"19:08:20",10.944
"19:32:40",5.38
"0:10:14",3.036
"8:24:57",6.486
"19:19:45",9.688
"1:04:22",0.906
"7:53:12",0.324
"20:49:53",3.106
"20:21:20",11.424
"1:55:36",0.44
"19:31:47",6.27
"18:37:21",4.726
"17:48:25",17.792
"7:58:12",0.368
"19:34:04",6.54
"23:28:35",66.656
"8:12:27",0.58
"18:08:33",6.046
"1:56:28",0.484
"23:58:15",4.926
"8:26:10",3.596
"1:09:34",0.852
"0:45:06",4.038
"22:04:59",11.092
"1:34:02",4.702
"18:26:29",6.512
"20:53:43",4.56
"20:22:02",12.918
"22:43:54",19.298
"21:14:47",5.592
"18:17:59",9.042
"8:18:22",2.384
"23:53:03",24.296
"1:39:14",4.732
"0:36:36",2.388
"17:53:20",10.968
"20:20:39",4.438
"18:59:11",6.906
"17:47:53",9.66
"1:20:19",2.272
"7:46:16",2.256
"22:45:18",13.144
"19:10:49",26.898
"18:09:40",5.886
"19:57:25",6.278
"22:14:54",9.636
"2:18:03",0.504
"21:02:15",7.008
"0:23:04",2.038
"20:02:41",6.004
"17:37:09",15.69
"18:47:27",10.794
"22:22:56",4.09
"18:20:49",6.642
"19:38:12",7.14
"17:32:46",11.758
"19:36:35",5.962
"21:01:33",5.314
"23:37:37",60.994
"20:37:21",9.884
"20:25:52",8.68
"8:13:19",1.622
"0:33:59",3.314
"2:27:29",3.986
"23:57:23",10.414
"0:54:08",3.554
"20:15:21",2.728
"1:33:10",3.272
"20:01:58",4.696
"20:51:48",3.706
"2:11:38",0.464
"23:33:17",68.702
"23:45:25",60.222
"20:18:19",4.496
"17:32:34",11.26
"19:41:42",8.372
"21:42:51",3.794
"20:54:35",5.004
"0:50:50",3.446
"1:08:42",0.734
"0:14:34",2.198
"18:24:43",8.976
"7:23:44",1.104
"1:17:12",2.198
"1:32:49",4.524
"8:09:19",0.722
"22:21:52",5.146
"17:49:29",22.058
"20:34:34",13.756
"1:52:59",0.498
"18:23:18",4.906
"8:34:00",3.672
"2:01:32",0.266
"18:30:42",10.556
"22:30:39",5.07
"8:32:25",3.372
"22:00:59",12.134
"0:40:55",2.268
"20:57:43",5.68
"17:52:59",11.036
"17:52:07",12.694
"17:59:12",10.708
"22:48:05",13.28
"18:57:46",5.9
"18:41:03",4.068
"0:06:14",8.53
"8:08:27",0.664
"22:07:46",9.9
"17:27:52",16.304
"22:37:38",4.094
"8:05:19",0.65
"21:34:08",2.228
"0:35:12",2.254
"0:30:00",4.73
"1:29:20",2.608
"19:59:30",5.014
"19:05:31",8.156
"21:52:05",5.426
"2:19:15",1.596
"8:00:07",0.308
"17:43:49",11.212
"20:31:26",10.97
"20:50:56",3.792
"0:04:40",4.76
"0:27:24",3.34
"19:54:17",7.788
"1:16:20",2.872
"7:54:55",0.414
"21:46:51",2.688
"21:57:29",10.54
"21:03:07",6.492
"19:58:49",6.29
"21:53:50",7.61
"19:12:26",43.042
"0:34:20",2.096
"1:47:04",1.972
"7:55:47",0.39
"2:20:38",1.55
"7:38:38",1.778
"19:42:34",6.292
"21:04:41",1.778
"2:12:51",0.938
"19:17:02",11.46
"18:15:43",8.274
"0:00:20",8.592
"0:22:12",2.84
"0:39:32",2.368
"19:30:23",10.224
"21:39:21",3.346
"19:24:25",5.412
"23:48:33",35.404
"19:27:45",9.922
"21:46:20",2.904
"21:43:43",4.526
"22:34:40",5.236
"17:29:07",13.972
"22:11:57",12.198
"7:41:04",2.156
"1:12:00",0.48
"21:49:39",2.84
"22:27:19",5.116
"21:27:01",4.68
"0:11:26",2.996
"18:45:47",10.056
"22:31:20",5.242
"7:51:59",1.126
"7:22:20",1.354
"21:11:39",5.894
"1:41:50",3.586
"20:59:07",5.46
"1:22:55",1.886
"23:32:25",66.146
"17:33:43",9.936
"1:05:34",0.94
"2:02:44",0.35
"23:52:11",24.594
"8:16:27",1.562
"17:55:48",13.746
"8:19:14",3.238
"20:27:26",15.684
"7:26:40",2.462
"7:57:00",0.36
"17:38:06",16.29
"2:07:07",0.322
"18:18:52",10.016
"20:24:39",10.126
"20:42:24",7.702
"0:07:38",2.178
"8:21:50",7.05
"17:35:30",10.254
"23:40:13",73.954
"23:36:13",78.812
"19:51:08",4.412
"18:51:46",9.704
"19:52:53",7.608
"18:38:25",6.066
"23:53:55",32.562
"0:42:09",2.388
"1:01:25",1.152
"0:18:13",3.172
"22:55:13",30.122
"1:58:23",0.24
"18:17:07",7.662
"19:33:12",10.446
"18:10:55",4.938
"20:46:45",6.488
"0:19:46",3.282
"22:02:43",7.584
"22:41:38",4.982
"20:55:59",3.69
"21:09:44",4.554
"21:28:45",5.516
"0:47:22",3.758
"17:41:08",14.286
"22:32:23",2.732
"8:16:06",1.658
"2:07:28",0.306
"17:42:13",11.986
"23:26:31",74.006
"7:35:10",2.982
"17:20:44",18.332
"0:12:30",2.368
"0:09:43",4.076
"18:44:32",10.262
"18:12:20",6.8
"20:50:35",3.266
"21:17:55",3.432
"1:36:17",6.868
"22:10:54",28.902
"21:45:59",2.672
"23:39:42",68.242
"18:29:50",5.636
"0:17:42",2.42
"23:48:12",28.778
"8:29:17",4.98
"20:47:48",4.578
"23:34:30",51.962
"23:42:28",84.56
"17:56:52",12.496
"8:32:04",4.882
"20:07:13",6.154
"8:31:01",4.574
"22:38:51",2.44
"8:24:05",6.536
"8:38:21",6.578
"20:41:21",8.102
"1:59:15",0.264
"8:28:25",5.074
"7:34:29",3.136
"0:13:22",2.518
"22:13:10",13.98
"0:18:34",3.09
"1:58:44",0.272
"1:37:09",6.864
"21:12:31",5.792
"18:00:36",6.502
"1:02:17",0.672
"23:55:07",22.946
"0:41:06",2.004
"1:27:15",7.072
"8:10:11",0.658
"1:10:16",0.786
"18:27:42",8.384
"19:01:40",7.348
"18:34:13",7.54
"0:48:14",3.808
"22:51:45",16.292
"21:35:53",4.148
"0:56:13",2.466
"19:59:41",6.088
"0:33:07",3.43
"8:15:35",1.5
"2:13:43",0.672
"22:37:59",5.09
"22:42:30",18.748
"19:43:58",7.094
"1:19:16",2.68
"2:29:34",6.43
"7:44:01",2.402
"22:58:21",41.342
"1:51:56",0.458
"18:33:41",10.514
"18:14:40",5.038
"7:21:39",1.028
"22:28:32",4.918
"2:06:56",0.396
"1:46:01",1.984
"22:01:51",8.642
"1:34:54",5.196
"21:04:20",2.078
"21:48:15",2.894
"19:06:03",8.536
"8:40:15",3.508
"18:03:36",12.458
"23:35:22",62.21
"22:04:38",10.356
"23:51:19",26.902
"1:06:37",1.196
"1:42:53",4.226
"21:39:00",4.206
"22:43:02",18.852
"20:04:57",15.574
"17:21:59",14.598
"20:32:29",10.522
"1:52:07",0.576
"17:26:35",13.012
"8:11:03",0.842
"0:32:15",3.306
"0:29:28",3.404
"0:30:52",3.966
"1:49:08",0.602
"19:02:11",8.628
"19:50:57",5.422
"17:36:26",19.632
"7:47:08",2.308
"20:25:31",8.268
"23:46:28",70.182
"19:49:22",8.13
"1:57:20",0.16
"17:23:03",13.888
"21:20:22",3.71
"22:56:16",33.58
"0:16:29",2.394
"7:28:35",2.244
"22:57:08",21.406
"20:33:42",17.392
"7:52:40",0.314
"8:06:00",0.61
"18:25:46",7.292
"22:12:49",16.902
"22:09:51",31.734
"19:26:53",5.992
"20:45:53",7.45
"22:33:47",3.99
"2:03:36",0.514
"19:50:05",8.57
"8:36:16",6.686
"2:06:04",0.326
"20:26:23",7.596
"7:57:52",0.42
"1:15:28",3.274
"17:22:52",14.618
"21:26:50",4.724
"1:26:23",3.836
"22:23:16",4.59
"19:56:33",6.882
"18:22:14",6.964
"19:23:21",3.286
"17:24:59",14.818
"18:24:22",8.806
"7:23:23",1.094
"17:49:08",16.864
"17:32:58",12.29
"20:15:00",3.294
"21:37:16",4.838
"1:23:27",1.886
"2:11:59",0.588
"19:14:54",24.628
"20:51:27",3.304
"21:05:12",4.134
"20:30:34",7.136
"1:56:39",0.422
"17:40:57",18.692
"18:55:06",7.804
"1:30:02",2.402
"8:07:24",0.81
"1:56:07",0.408
"1:07:29",0.922
"23:55:59",19.216
"1:14:04",0.776
"0:51:01",3.378
"18:52:18",9.446
"18:06:16",4.028
"1:22:03",3.092
"18:55:38",8.182
"20:37:42",10.06
"22:39:43",2.782
"19:14:22",21.18
"21:08:20",5.814
"7:51:07",1.396
"18:36:08",8.976
"22:40:46",5.2
"20:59:59",6.012
"22:08:06",11.768
"17:29:47",8.26
"23:38:29",67.234
"0:01:23",5.55
"0:44:14",5.16
"7:59:15",0.276
"1:53:20",0.566
"1:38:22",3.046
"19:49:02",9.16
"17:28:03",16.992
"22:53:08",51.136
"20:29:31",10.302
"19:46:14",15.698
"20:19:00",5.072
"2:17:11",0.802
"21:51:02",5.382
"0:28:16",4.784
"8:37:28",8.152
"17:50:00",20.982
"20:26:55",6.128
"0:45:58",4.45
"1:03:30",0.926
"17:31:26",11.062
"19:39:15",10.064
"21:23:30",4.2
"18:43:19",5.796
"8:14:11",1.87
"20:22:23",13.716
"8:31:53",4.088
"23:30:10",69.66
"8:18:43",2.556
"0:36:15",2.672
"20:01:37",4.282
"7:32:13",3.358
"21:33:47",2.008
"21:42:40",4.622
"1:11:28",0.686
"2:16:50",0.396
"19:06:56",8.08
"22:13:51",10.128
"2:03:15",0.42
"1:16:41",2.316
"1:26:03",2.434
"20:36:29",21.086
"8:16:58",1.588
"8:35:13",5.062
"18:24:32",8.388
"7:57:31",0.386
"22:37:17",3.954
"0:07:27",2.272
"7:53:01",0.454
"20:35:47",21.198
"23:32:14",88.23
"17:38:39",16.076
"22:46:10",23.048
"22:25:34",4.682
"7:31:31",2.796
"18:53:42",10.066
"19:34:15",7.208
"20:59:38",5.006
"8:03:24",0.944
"18:48:11",12.066
"23:57:44",11.51
"20:16:24",4.768
"21:20:01",4.418
"21:54:11",6.5
"23:44:22",83.472
"0:01:33",5.422
"17:44:41",12.64
"18:30:21",8.524
"21:43:22",5.018
"0:36:25",2.288
"18:49:49",13.524
"2:12:20",1.14
"17:39:10",14.546
"19:50:47",6.136
"7:38:07",2.106
"20:46:04",8.412
"20:00:55",3.774
"23:58:26",4.602
"18:47:16",10.412
"19:12:57",47.5
"8:25:38",4.646
"22:54:32",29.098
"2:28:21",5.06
"21:16:21",4.806
"19:29:41",6.566
"23:45:04",64.756
"0:13:53",2.304
"18:57:03",13.324
"1:32:28",4.996
"23:00:37",43.486
"21:10:26",3.296
"19:17:13",13.644
"22:36:35",4.874
"19:33:33",8.018
"20:18:08",3.428
"21:53:08",6.606
"2:14:04",0.63
"7:24:15",0.978
"18:19:25",9.21
"20:03:02",5.136
"1:33:31",4.924
"0:53:27",2.886
"19:28:38",6.904
"17:55:17",13.944
"18:08:12",5.116
"0:34:41",2.31
"0:30:31",3.75
"17:42:44",14.33
"18:07:30",3.266
"22:40:15",5.858
"22:44:57",12.036
"22:53:50",45.576
"1:05:03",1.05
"1:57:10",0.506
"21:06:46",2.474
"21:26:19",4.442
"17:44:53",11.764
"21:58:53",7.948
"21:52:26",7.118
"18:36:39",6.518
"18:59:00",7.336
"20:43:37",8.666
"20:07:44",6.384
"22:58:42",40.046
"8:01:40",1.114
"23:31:12",69.48
"22:49:50",25.588
"21:02:04",4.974
"8:08:48",0.672
"18:41:34",6.722
"1:12:31",0.456
"8:10:32",0.822
"22:45:07",14.452
"22:30:28",4.088
"18:09:51",5.842
"17:41:50",10.536
"8:42:53",2.87
"0:28:47",4.294
"2:05:00",0.28
"19:56:54",6.862
"20:58:56",5.282
"19:18:39",10.164
"7:37:57",2.124
"18:35:57",8.204
"19:35:42",5.142
"0:58:07",1.188
"0:22:33",1.712
"21:21:03",3.082
"1:30:44",2.554
"20:27:05",6.18
"0:03:17",9.468
"7:58:33",0.382
"18:56:53",10.472
"1:01:05",1.27
"23:53:34",31.08
"20:23:15",8.756
"2:17:52",0.53
"0:27:13",3.174
"18:39:38",6.192
"20:41:00",5.042
"21:47:32",2.274
"1:44:48",1.568
"19:36:56",6.004
"20:54:46",5.146
"22:34:18",5.17
"7:42:48",2.57
"0:38:09",2.24
"8:32:14",2.882
"21:17:35",2.698
"19:55:40",5.812
"1:35:15",4.0
"22:17:20",8.362
"22:21:00",3.544
"23:59:28",5.982
"7:33:27",2.794
"21:24:11",4.834
"0:06:25",8.124
"20:30:03",9.33
"0:35:23",2.164
"8:20:06",3.444
"1:36:38",5.774
"21:59:03",8.948
"7:59:56",0.228
"19:52:32",6.844
"1:54:23",0.43
"17:22:10",13.918
"1:47:35",1.17
"1:01:46",1.092
"2:08:20",0.262
"22:55:34",42.068
"7:37:05",3.55
"8:27:23",5.496
"22:02:01",8.37
"7:46:37",1.876
"22:59:24",40.66
"19:09:03",11.406
"18:17:28",9.206
"20:53:12",4.586
"20:03:54",5.868
"17:33:19",9.156
"1:48:37",1.022
"1:04:01",1.21
"19:45:53",6.072
"20:20:28",4.098
"0:14:03",2.318
"21:49:28",2.706
"23:25:59",50.392
"19:58:38",6.422
"8:28:46",4.936
"17:23:45",15.584
"0:15:37",2.47
"22:44:05",15.586
"17:35:41",12.846
"21:35:32",3.642
"22:52:47",42.448
"8:24:36",6.312
"22:31:52",5.21
"22:45:59",25.018
"0:43:53",4.982
"18:32:49",15.184
"0:54:29",2.562
"21:39:42",3.138
"18:05:33",4.342
"22:14:33",9.928
"21:36:55",3.406
"1:58:12",0.166
"20:46:56",7.522
"19:27:24",9.17
"1:13:33",0.882
"20:14:07",6.086
"1:48:58",0.726
"19:04:18",6.756
"18:51:57",9.658
"1:51:03",0.498
"2:05:53",0.278
"17:35:19",11.626
"17:35:53",11.6
"7:38:59",2.08
"20:57:54",6.078
"21:25:57",4.552
"20:17:06",3.6
"8:39:55",4.434
"8:02:42",1.028
"18:14:08",7.012
"1:40:06",4.302
"17:57:14",12.438
"22:24:20",4.826
"18:23:29",5.018
"2:39:34",2.22
"1:08:11",0.754
"23:45:56",70.564
"1:06:26",0.996
"1:58:33",0.238
"7:48:10",2.096
"22:17:41",8.32
"20:58:04",5.85
"23:47:30",57.898
"22:09:30",26.42
"22:19:04",8.514
"8:30:30",4.432
"19:03:36",5.864
"23:33:48",77.928
"23:39:31",76.138
"8:31:12",4.888
"21:20:53",3.48
"19:44:30",7.542
"2:06:35",0.296
"17:54:55",15.406
"7:42:27",2.788
"8:36:47",9.932
"23:41:47",74.526
"7:27:22",2.296
"20:55:48",3.664
"22:51:24",12.384
"18:52:07",7.862
"7:35:21",3.686
"17:23:24",16.69
"18:34:34",5.856
"1:30:23",2.296
"0:39:12",2.116
"1:52:38",0.718
"19:43:47",7.158
"20:06:10",11.272
"18:04:09",11.516
"8:23:13",6.818
"18:00:25",7.584
"0:46:39",4.462
"0:47:11",4.082
"21:30:39",5.388
"21:32:13",3.362
"18:39:59",5.698
"7:53:53",0.246
"22:50:42",30.16
"18:35:05",8.07
"17:24:06",12.732
"22:41:49",5.254
"23:54:36",22.898
"0:40:45",1.538
"0:03:38",8.726
"1:15:17",2.86
"22:01:40",7.286
"1:13:54",0.934
"1:23:16",1.694
"18:33:20",11.596
"21:40:14",4.29
"20:39:16",13.722
"21:22:38",3.524
"19:45:01",9.272
"8:00:17",0.222
"1:05:55",0.67
"8:05:50",0.8
"0:11:47",3.39
"2:13:54",0.58
"0:35:02",2.028
"0:43:01",4.654
"1:02:28",0.922
"21:58:01",9.044
"22:20:29",3.22
"2:19:36",1.586
"21:31:42",6.654
"21:13:34",3.754
"23:55:18",17.244
"1:29:10",3.7
"0:00:09",5.784
"0:56:02",2.184
"1:00:23",0.866
"8:15:24",1.53
"21:12:52",6.194
"22:02:22",8.35
"1:07:08",1.276
"2:07:49",0.266
"7:56:08",0.23
"22:08:59",8.7
"20:23:36",7.312
"0:19:26",3.256
"19:24:56",6.24
"22:10:43",30.212
"22:22:35",5.208
"0:04:20",5.928
"20:48:30",3.422
"20:38:55",12.44
"22:59:03",37.418
"17:22:31",15.808
"1:47:56",1.136
"21:03:59",1.986
"19:25:27",5.48
"0:13:01",2.392
"7:21:28",2.294
"21:02:25",5.996
"19:26:42",6.22
"22:33:36",3.736
"20:41:52",9.404
"23:42:49",76.114
"0:36:46",2.668
"1:50:21",0.834
"23:29:07",66.554
"18:41:55",6.81
"1:53:41",0.338
"19:20:07",10.142
"1:40:58",3.112
"21:38:39",4.336
"22:38:20",2.68
"7:36:23",3.408
"23:43:20",62.576
"20:50:04",3.888
"21:08:31",5.882
"1:57:31",0.43
"22:46:31",31.526
"18:11:58",5.328
"7:51:28",1.068
"17:36:15",16.682
"1:45:30",1.646
"17:47:00",10.122
"8:03:03",1.032
"21:12:00",5.368
"18:24:11",5.224
"2:18:34",1.744
"22:39:54",3.06
"22:56:05",34.42
"1:11:07",0.672
"8:37:49",9.472
"8:11:14",0.498
"7:43:30",2.642
"0:45:37",4.556
"2:10:46",0.248
"19:39:36",9.564
"20:40:29",5.726
"0:14:55",2.892
"20:26:34",7.144
"21:29:06",5.668
"1:39:45",3.324
"19:37:51",6.888
"20:32:08",18.602
"22:43:23",21.046
"7:52:51",0.252
"8:06:11",0.748
"23:27:44",79.916
"20:04:36",17.812
"0:22:54",2.182
"20:44:19",7.216
"18:30:00",6.174
"22:57:39",25.772
"0:20:07",2.798
"21:19:19",5.314
"0:25:40",2.206
"0:59:10",0.86
"1:04:53",1.086
"19:11:11",29.878
"21:41:16",3.92
"8:18:32",2.16
"19:50:26",5.614
"17:45:46",11.338
"18:58:50",6.096
"20:29:42",10.898
"0:21:09",3.196
"1:14:15",0.634
"1:12:52",0.7
"18:01:07",9.14
"23:50:38",37.986
"2:14:56",0.726
"0:01:12",5.316
"7:59:04",0.338
"8:04:47",0.602
"1:22:14",2.192
"8:29:28",4.836
"0:48:45",4.732
"2:13:02",0.79
"20:47:27",4.808
"1:38:11",3.22
"0:24:17",2.068
"22:25:13",4.858
"1:18:25",3.352
"18:55:17",9.234
"19:14:43",22.76
"20:25:00",12.604
"2:09:13",0.186
"17:40:14",14.378
"20:16:45",3.16
"0:10:45",3.046
"20:01:16",3.984
"1:27:46",7.166
"19:14:33",26.538
"18:19:46",9.388
"1:49:19",0.554
"20:30:55",9.284
"19:28:17",7.066
"20:36:08",20.084
"0:29:49",3.278
"23:00:16",42.872
"8:14:22",1.902
"22:23:37",4.318
"0:55:00",2.548
"18:22:35",6.848
"7:39:31",2.422
"21:34:50",3.444
"2:17:00",0.442
"18:31:56",9.642
"22:36:56",5.296
"21:16:42",5.076
"0:08:09",2.476
"7:55:06",0.434
"21:55:45",7.594
"19:40:39",8.544
"18:27:00",5.376
"19:36:13",6.816
"22:45:28",23.75
"19:00:16",6.35
"21:24:32",5.652
"0:43:32",4.796
"17:19:03",4.26
"22:34:50",5.012
"0:31:02",4.302
"8:20:27",3.258
"21:07:17",2.82
"7:46:06",3.32
"8:10:53",0.726
"20:26:44",6.778
"1:31:57",5.368
"1:37:40",5.45
"2:18:13",1.938
"17:48:47",17.736
"2:09:55",0.364
"21:35:11",3.552
"8:04:05",1.176
"18:06:58",4.626
"7:36:44",2.948
"23:43:51",86.886
"0:02:04",6.732
"20:54:25",4.548
"21:41:58",4.618
"23:52:21",24.474
"1:02:59",1.052
"18:42:05",7.614
"20:27:36",13.032
"21:36:03",4.15
"1:48:06",0.578
"7:24:36",1.142
"22:55:03",30.478
"21:49:49",2.612
"23:38:19",77.412
"8:33:39",3.404
"18:26:07",7.184
"0:44:24",5.114
"22:23:58",4.494
"1:24:29",1.962
"22:59:55",34.226
"17:37:56",15.778
"18:18:42",9.946
"1:54:54",0.38
"18:41:13",7.184
"1:12:10",0.744
"19:51:18",7.2
"21:23:40",2.874
"20:38:03",9.386
"21:25:36",4.83
"17:56:13",13.352
"2:17:21",0.63
"7:37:36",2.176
"1:15:59",3.406
"0:28:26",4.538
"1:03:40",0.87
"0:29:18",3.77
"23:44:43",64.4
"19:15:47",14.26
"1:46:22",1.444
"17:49:39",21.502
"20:55:17",3.798
"8:43:14",3.048
"7:35:52",3.026
"21:15:50",6.27
"23:49:35",26.264
"19:19:23",9.302
"22:54:11",48.39
"7:50:57",1.132
"7:38:28",1.686
"7:53:22",0.318
"1:36:59",6.352
"18:54:13",7.998
"18:07:51",3.396
"0:57:46",0.904
"0:15:16",2.238
"0:30:10",3.446
"8:29:59",4.612
"19:47:28",7.002
"22:44:36",12.492
"0:26:42",1.838
"1:13:02",0.746
"21:06:25",2.604
"17:50:43",19.22
"22:35:42",2.64
"0:10:24",2.938
"8:21:19",5.522
"19:28:59",6.132
"18:10:02",5.228
"1:04:32",0.964
"18:31:14",11.82
"17:37:32",15.102
"1:39:24",4.794
"22:11:04",22.704
"21:51:33",6.68
"23:53:13",34.972
"18:37:11",8.0
"19:16:40",11.114
"19:12:36",38.718
"20:17:37",4.186
"21:16:00",6.802
"7:49:54",1.438
"23:30:41",64.48
"0:42:40",4.574
"20:20:49",4.01
"19:09:24",12.68
"8:17:29",2.32
"0:45:16",4.826
"22:16:18",9.538
"8:12:37",0.596
"19:52:11",9.916
"7:58:02",0.342
"19:37:30",5.926
"18:17:49",8.288
"20:46:35",7.436
"0:01:54",5.75
"0:58:38",0.958
"0:23:46",2.174
"17:44:20",14.29
"0:46:08",4.23
"8:09:50",0.888
"22:14:12",9.83
"7:54:14",0.306
"0:11:16",3.298
"21:32:34",2.896
"18:09:30",6.148
"18:48:54",9.21
"1:59:46",0.2
"8:25:59",3.77
"20:05:07",12.93
"22:42:52",14.572
"18:03:47",11.46
"17:37:20",15.15
"8:38:42",8.976
"8:13:29",1.916
"19:07:17",15.674
"19:29:09",7.424
"23:32:35",75.432
"0:07:48",2.326
"22:52:26",44.01
"18:46:33",9.652
"1:05:24",0.98
"18:53:21",9.614
"18:59:21",11.032
"7:31:52",3.744
"23:48:43",31.488
"17:39:53",20.258
"1:22:45",2.112
"20:59:17",4.992
"21:43:53",3.972
"19:58:07",6.192
"20:18:29",5.214
"22:25:55",4.93
"20:49:43",3.78
"1:43:14",2.552
"1:21:22",2.658
"20:24:49",10.774
"1:06:47",0.94
"21:57:40",8.72
"21:42:08",4.102
"19:44:08",8.984
"18:24:53",8.672
"17:55:38",15.786
"7:57:10",0.206
"17:43:27",12.092
"23:33:27",81.038
"0:14:24",2.426
"7:25:28",2.628
"8:16:37",1.6
"18:59:33",9.94
"0:55:52",1.816
"18:51:36",8.172
"8:19:24",2.69
"18:08:55",6.024
"8:39:34",3.884
"23:45:35",58.902
"1:55:46",0.28
"7:30:19",2.08
"0:20:59",3.304
"17:52:49",13.516
"20:06:31",15.078
"0:06:04",5.35
"22:10:12",25.262
"7:45:14",2.972
"2:12:41",0.97
"1:44:27",1.622
"2:19:05",1.752
"19:04:28",6.63
"21:53:40",8.876
"23:39:00",82.284
"0:35:54",2.322
"1:28:17",3.93
"17:27:42",15.302
"21:31:11",5.23
"8:32:35",3.506
"21:50:41",4.1
"8:01:09",0.272
"20:31:16",12.2
"8:24:15",6.204
"0:34:10",4.256
"22:51:03",31.398
"21:56:16",9.16
"1:16:09",3.614
"8:35:34",7.724
"0:53:06",3.212
"0:27:34",3.164
"19:01:08",6.124
"20:56:09",3.93
"1:54:02",0.64
"2:15:17",0.582
"18:35:26",8.36
"0:50:19",3.526
"1:47:14",0.848
"20:53:33",4.362
"22:41:28",4.772
"1:32:07",4.22
"21:03:17",2.096
"21:10:05",4.314
"22:39:33",2.562
"22:58:11",23.126
"21:46:30",2.368
"20:24:28",9.128
"1:00:44",0.862
"17:28:13",10.786
"21:05:02",1.864
"19:24:35",5.626
"18:05:02",14.176
"0:41:16",1.904
"21:11:49",5.628
"1:53:09",0.38
"17:20:10",15.1
"8:00:38",0.208
"1:51:46",0.644
"1:35:36",4.232
"22:28:54",3.942
"1:02:07",1.014
"8:10:01",0.768
"18:11:37",5.998
"21:13:13",3.75
"0:26:11",1.864
"21:21:24",5.442
"1:50:42",0.592
"20:25:21",8.22
"21:38:18",4.868
"18:45:37",11.106
"18:03:26",12.584
"21:04:09",1.71
"7:49:02",1.702
"22:33:05",3.142
"20:52:09",3.556
"21:18:48",4.092
"18:44:54",8.144
"20:57:33",4.66
"22:47:44",15.808
"21:10:57",3.666
"7:39:52",2.596
"23:51:09",44.578
"18:14:29",4.62
"20:17:58",3.464
"20:32:39",9.766
"0:58:59",0.926
"8:37:18",8.864
"7:58:54",0.412
"21:03:38",1.202
"18:29:39",8.076
"19:25:06",5.85
"23:59:49",5.766
"21:36:34",3.168
"17:45:03",11.978
"1:34:44",4.514
"8:19:45",2.95
"0:47:32",4.138
"1:36:07",3.802
"8:35:55",6.484
"22:30:49",4.038
"7:50:05",1.79
"21:01:54",5.98
"0:24:38",1.714
"17:26:13",11.604
"23:32:56",53.214
"1:44:06",2.714
"23:41:26",72.174
"20:47:58",4.248
"18:12:30",7.062
"0:12:40",2.428
"18:20:28",6.55
"22:56:26",33.002
"19:31:05",8.316
"22:46:52",39.902
"2:19:57",1.472
"0:40:24",2.508
"1:58:54",0.246
"7:41:35",2.374
"17:58:50",14.338
"8:28:15",4.812
"8:30:51",4.354
"18:22:04",7.528
"20:00:03",5.082
"18:43:50",4.766
"22:13:20",11.102
"23:40:55",73.73
"0:16:39",2.518
"22:38:41",3.07
"19:58:59",5.556
"0:55:31",1.718
"19:39:57",10.262
"1:59:25",0.278
"7:55:37",0.368
"8:14:53",2.01
"20:26:13",6.856
"22:55:55",50.622
"23:54:57",24.37
"1:52:17",0.662
"7:34:19",3.352
"22:23:06",4.342
"8:22:52",7.258
"2:21:20",2.082
"20:27:57",13.006
"21:54:32",6.69
"8:17:08",1.57
"8:15:45",1.61
"18:36:18",7.362
"8:33:18",3.47
"0:56:23",1.4
"22:08:28",8.276
"19:06:13",9.07
"7:56:29",0.216
"8:23:44",7.3
"20:48:51",4.066
"8:04:26",0.496
"17:54:34",11.178
"17:40:35",20.364
"2:13:33",0.62
"20:29:21",9.976
"7:31:00",2.438
"8:36:26",7.376
"23:55:49",15.13
"22:19:47",6.94
"20:07:23",5.6
"2:27:19",2.356
"21:43:01",4.864
"1:20:29",2.364
"0:48:24",4.496
"18:52:28",10.804
"18:50:53",13.286
"19:43:16",6.978
"17:32:24",10.982
"18:47:50",9.522
"7:48:31",1.984
"8:18:53",2.306
"19:11:32",27.304
"21:33:26",2.074
"23:47:51",67.462
"2:14:25",0.582
"19:32:50",4.566
"7:59:25",0.32
"22:51:55",15.49
"22:06:53",29.638
"23:49:14",28.974
"8:14:01",1.6
"8:09:09",0.446
"23:58:57",5.188
"8:31:43",4.538
"23:30:20",68.168
"8:25:07",6.814
"19:09:45",12.332
"8:22:00",6.344
"18:31:35",10.546
"22:50:11",23.868
"7:21:49",1.162
"18:15:01",4.474
"21:55:24",6.998
"17:31:04",9.336
"19:53:03",6.49
"18:16:57",8.512
"7:35:00",3.138
"18:01:51",15.66
"21:12:21",5.202
"19:02:01",9.284
"22:29:46",3.244
"23:54:05",35.638
"17:42:23",12.594
"21:20:32",2.63
"21:47:01",3.138
"23:39:52",57.756
"21:01:02",5.596
"20:47:06",6.426
"8:29:07",4.634
"20:23:57",7.834
"1:38:32",4.29
"7:27:01",2.102
"8:11:45",0.59
"2:06:14",0.26
"21:58:32",7.39
"2:09:34",0.392
"17:36:36",15.684
"20:41:31",8.798
"20:58:25",4.894
"1:46:43",1.648
"19:03:57",6.558
"22:57:18",29.086
"21:02:46",5.824
"7:28:45",1.862
"21:08:09",2.872
"1:23:37",2.134
"21:41:37",4.624
"23:51:50",26.718
"23:50:17",43.234
"1:31:36",4.604
"22:32:13",3.162
"7:23:13",1.458
"23:34:19",57.094
"0:05:33",4.926
"1:07:39",0.614
"17:34:36",10.878
"21:37:26",4.758
"20:51:17",4.288
"0:13:32",1.976
"22:43:44",15.316
"1:15:38",3.572
"23:42:18",74.47
"20:04:15",15.662
"22:02:53",8.006
"7:52:30",0.456
"17:21:17",16.356
