"1:04:11",7.64
"8:42:31",28.0
"19:19:56",57.132
"1:39:03",18.276
"18:26:18",39.422
"19:37:41",31.108
"1:09:23",6.608
"0:49:37",25.698
"17:48:36",49.128
"18:37:32",38.596
"2:09:44",1.076
"7:24:25",6.802
"0:14:45",14.206
"7:25:07",7.338
"18:49:15",55.906
"20:43:47",35.614
"21:26:29",36.584
"18:55:28",46.622
"22:15:25",44.188
"0:43:43",33.186
"19:31:58",30.534
"1:37:51",36.624
"18:49:27",63.264
"19:38:23",41.516
"19:08:31",41.588
"0:10:03",27.102
"20:03:12",25.508
"18:32:07",42.318
"22:44:47",45.152
"19:49:12",46.142
"21:48:56",25.732
"1:57:00",3.942
"8:01:50",6.858
"23:51:40",55.0
"0:15:27",12.336
"21:32:55",26.472
"22:27:08",19.42
"23:56:52",39.32
"23:49:56",71.004
"18:48:33",39.73
"18:36:50",28.364
"19:39:05",32.73
"2:39:24",32.746
"7:29:37",9.87
"1:40:16",16.804
"8:02:32",6.312
"2:04:07",2.092
"7:58:23",2.322
"21:25:47",39.266
"1:10:36",4.614
"0:03:07",27.144
"21:14:58",28.892
"1:50:11",3.944
"22:14:43",45.188
"0:51:21",9.984
"20:36:39",60.804
"21:16:11",36.39
"23:58:04",46.692
"1:21:01",9.624
"7:32:03",15.052
"20:15:32",17.936
"0:37:17",14.98
"23:33:06",77.65
"8:13:08",4.918
"22:04:48",48.402
"21:33:37",16.38
"2:10:57",2.38
"17:54:13",45.942
"0:02:25",27.398
"20:37:10",57.426
"18:09:16",37.196
"7:31:21",24.244
"21:38:50",28.79
"7:42:58",22.33
"19:07:48",54.818
"1:44:58",7.968
"21:20:11",23.868
"7:57:41",1.79
"17:47:42",37.966
"19:18:50",40.58
"22:25:44",29.084
"17:49:18",56.526
"2:12:10",2.142
"17:36:04",67.708
"1:32:38",32.14
"18:03:58",41.87
"20:02:30",26.758
"23:12:11",52.2
"21:37:06",18.096
"17:29:33",41.13
"18:07:40",21.556
"0:01:43",28.658
"17:44:31",56.222
"21:34:19",27.81
"7:45:45",14.878
"19:57:14",30.238
"20:14:50",17.03
"2:28:11",35.548
"23:45:14",89.654
"21:55:03",33.368
"18:31:25",49.116
"19:09:13",58.66
"22:16:07",42.648
"17:25:52",52.718
"8:25:28",26.34
"20:01:47",36.61
"22:00:06",51.466
"1:17:01",17.41
"0:25:09",17.966
"19:45:43",33.544
"0:39:43",15.0
"18:15:54",58.888
"20:13:06",38.816
"17:30:09",54.432
"21:22:48",18.88
"0:34:31",13.516
"0:04:51",30.134
"19:01:29",39.034
"22:07:35",53.968
"17:51:14",46.18
"19:54:06",25.628
"19:05:20",42.358
"1:43:03",29.246
"22:52:37",56.974
"7:49:23",10.552
"1:28:38",21.686
"8:38:31",25.19
"21:00:09",33.762
"2:19:26",9.504
"23:34:50",73.642
"21:31:00",37.078
"21:06:04",21.834
"19:04:49",38.756
"22:48:16",46.006
"0:54:19",26.792
"1:13:23",4.778
"18:46:44",51.644
"1:48:27",4.87
"22:24:09",23.33
"8:23:03",41.22
"20:00:13",21.974
"18:21:43",44.11
"22:22:45",23.04
"21:13:03",30.37
"8:08:38",4.98
"20:24:07",37.706
"20:39:47",62.42
"21:39:32",23.46
"17:59:01",59.768
"7:38:49",17.702
"18:05:23",22.674
"23:31:02",70.074
"19:10:38",53.128
"0:57:15",7.142
"20:35:57",49.204
"21:35:42",20.068
"17:29:21",42.252
"19:12:15",82.52
"1:17:53",16.156
"17:33:30",50.488
"21:46:40",19.958
"19:42:23",37.036
"0:28:57",23.086
"21:40:45",24.292
"21:50:52",30.708
"7:26:51",11.646
"19:48:30",41.228
"22:55:24",66.242
"17:38:17",46.09
"19:30:12",40.246
"17:33:54",49.138
"18:39:48",26.668
"1:01:15",6.396
"18:45:58",61.842
"23:29:58",74.512
"23:53:44",64.642
"0:18:02",16.522
"2:16:40",2.824
"7:41:15",14.2
"8:16:16",7.022
"23:48:22",65.564
"20:28:49",36.946
"2:02:55",1.644
"19:47:07",56.422
"18:53:00",44.816
"21:28:55",32.954
"21:43:32",34.94
"20:45:00",41.6
"23:41:57",95.016
"18:42:26",34.46
"0:31:23",32.53
"0:46:29",35.478
"8:20:16",20.99
"7:50:36",11.066
"21:10:16",22.002
"19:24:14",36.566
"1:54:13",3.052
"17:57:36",37.856
"21:24:01",17.53
"20:09:18",33.336
"1:52:48",3.542
"22:37:27",18.526
"18:23:07",34.2
"2:01:21",2.388
"21:07:38",18.058
"18:38:14",27.518
"1:01:36",6.324
"19:15:26",66.452
"18:54:34",39.976
"1:25:31",10.976
"21:09:03",25.732
"22:06:01",45.946
"1:24:08",12.386
"8:35:23",24.786
"23:40:02",90.03
"0:19:57",20.552
"19:52:42",36.472
"20:42:13",42.866
"18:35:15",42.686
"0:58:49",7.66
"20:06:20",49.088
"7:37:15",16.736
"18:12:09",24.938
"19:13:50",74.212
"20:39:26",54.306
"1:39:55",30.552
"22:43:13",57.828
"21:13:24",28.084
"8:28:36",18.406
"0:10:55",20.226
"8:00:27",1.374
"17:57:57",43.808
"1:42:42",22.798
"21:45:48",19.62
"22:28:43",26.506
"8:41:08",18.526
"17:40:04",66.58
"18:01:29",57.596
"18:04:20",50.834
"8:04:57",3.38
"8:05:40",6.642
"8:38:10",27.798
"1:05:45",6.138
"2:00:29",0.97
"20:07:02",43.58
"21:28:34",30.648
"7:54:45",2.53
"21:41:06",20.418
"23:26:20",94.134
"17:42:02",54.108
"1:13:44",6.608
"17:41:19",58.44
"20:56:41",27.936
"0:18:23",14.54
"17:20:55",54.384
"20:23:46",32.56
"21:12:42",29.832
"19:22:50",49.49
"21:09:55",25.68
"21:36:45",28.484
"22:29:25",24.448
"0:11:37",19.368
"7:26:30",14.994
"1:00:33",4.462
"0:53:58",22.284
"17:34:15",58.896
"0:05:12",34.714
"18:00:47",44.344
"19:25:17",36.75
"1:59:04",3.154
"23:42:39",79.876
"18:44:43",55.746
"7:40:54",14.134
"22:47:55",40.672
"0:13:11",11.422
"7:39:41",22.752
"23:27:02",80.532
"8:27:33",24.602
"22:05:09",54.474
"21:39:11",24.126
"19:26:00",38.428
"20:41:10",32.046
"7:22:00",8.528
"21:56:37",47.262
"19:44:40",34.516
"17:44:10",60.798
"21:21:45",31.97
"7:48:20",11.752
"22:51:34",50.738
"18:14:51",30.96
"19:55:09",42.072
"1:21:53",27.258
"17:46:07",52.724
"19:20:17",35.8
"23:48:01",85.376
"20:05:28",53.17
"22:37:48",32.082
"21:47:22",13.478
"0:04:30",26.992
"18:50:32",58.638
"23:43:10",94.816
"7:33:37",15.054
"0:07:58",17.392
"8:26:51",23.224
"18:57:57",38.836
"20:32:18",55.996
"1:35:25",23.65
"0:55:42",18.472
"22:50:52",61.24
"21:48:04",12.47
"23:35:11",83.61
"0:39:22",16.614
"1:43:24",21.054
"20:48:19",19.95
"18:20:39",40.814
"22:04:27",46.142
"21:18:27",29.808
"8:02:11",5.898
"18:27:53",48.328
"21:32:03",31.172
"2:15:48",7.268
"7:47:49",10.206
"20:04:46",40.406
"20:34:23",57.486
"0:40:35",11.946
"22:18:12",37.112
"8:39:13",24.338
"8:40:26",15.478
"1:49:50",7.234
"23:59:38",34.284
"21:40:24",29.016
"20:40:39",35.586
"1:32:59",37.726
"18:58:39",43.966
"20:25:42",45.062
"21:19:50",25.72
"19:49:33",54.87
"20:02:51",24.946
"19:54:58",42.558
"21:19:09",37.454
"22:20:07",30.818
"23:50:48",66.744
"22:57:50",49.258
"0:59:20",3.758
"19:11:21",70.08
"17:31:37",45.776
"2:14:14",3.7
"18:22:25",30.928
"20:37:31",34.822
"0:15:06",20.572
"0:21:20",18.38
"21:58:11",45.012
"17:31:49",40.496
"17:58:18",40.96
"21:31:52",39.934
"21:15:19",27.67
"21:54:21",41.634
"17:59:53",49.87
"19:38:02",45.476
"0:24:27",13.974
"7:56:18",1.784
"8:23:55",23.304
"8:07:35",5.824
"8:10:22",2.708
"0:32:26",22.888
"18:47:38",58.042
"1:18:35",23.812
"0:29:39",21.88
"19:43:05",41.452
"1:26:34",20.496
"0:37:38",20.19
"20:15:11",29.07
"21:24:53",30.24
"21:59:45",50.036
"21:55:55",32.648
"18:31:46",53.46
"22:50:00",53.962
"22:16:28",45.264
"17:53:31",56.034
"0:25:50",15.648
"19:17:55",50.492
"22:23:27",25.708
"17:24:48",61.67
"7:32:55",22.71
"1:45:19",11.098
"22:12:38",63.158
"23:47:40",63.514
"18:06:05",27.176
"18:43:08",36.98
"18:53:52",59.174
"0:08:19",14.958
"8:36:05",25.818
"19:03:46",42.12
"7:43:19",13.736
"19:16:08",61.468
"23:00:06",54.444
"17:50:11",47.466
"2:02:03",0.796
"8:11:56",4.044
"7:27:12",11.87
"22:38:09",23.334
"19:23:32",23.908
"18:11:48",30.022
"22:15:04",56.926
"18:55:49",44.6
"22:33:58",16.042
"19:08:10",48.996
"19:47:59",35.084
"23:46:17",77.836
"8:30:19",23.126
"19:14:11",74.396
"0:02:46",37.216
"20:59:48",35.384
"7:36:33",24.518
"21:02:35",43.67
"17:21:06",59.316
"21:30:29",34.278
"22:08:17",50.642
"18:16:36",38.416
"2:09:23",1.7
"19:53:24",25.456
"2:18:44",20.076
"19:46:25",62.468
"22:53:19",67.09
"23:54:26",55.918
"7:24:46",6.504
"22:54:42",72.296
"2:10:36",2.316
"22:26:47",22.76
"20:08:36",36.816
"19:39:26",34.058
"21:44:14",35.31
"20:22:12",34.596
"23:27:54",76.932
"21:29:16",29.592
"20:44:29",41.624
"21:51:13",39.576
"8:22:21",35.828
"0:28:05",33.53
"8:37:39",33.554
"20:58:14",33.676
"23:31:33",84.862
"8:08:59",4.538
"20:52:51",24.314
"2:12:31",6.838
"7:33:06",22.448
"7:38:18",12.806
"17:50:53",62.0
"0:52:24",15.374
"23:59:07",37.054
"22:30:07",24.452
"0:57:36",7.276
"1:24:40",10.36
"22:37:06",24.148
"2:01:52",1.514
"22:54:21",65.112
"8:32:57",26.146
"21:58:42",55.724
"23:29:27",74.37
"7:45:24",19.674
"21:06:35",14.84
"19:41:10",41.41
"19:47:38",41.674
"7:57:20",2.406
"1:28:59",19.224
"20:28:18",41.55
"22:01:09",50.026
"0:06:46",34.944
"1:18:04",12.26
"0:29:08",45.72
"22:05:40",60.38
"0:30:20",23.056
"22:35:32",22.18
"2:20:18",10.936
"21:17:14",20.812
"0:51:42",10.238
"20:36:18",59.646
"7:44:32",15.616
"21:25:14",24.52
"1:23:47",14.494
"7:49:44",11.626
"23:30:51",79.704
"19:16:30",58.368
"20:15:53",17.918
"18:39:17",32.248
"17:51:35",41.978
"1:45:50",16.294
"22:00:27",60.688
"0:53:16",15.386
"18:57:14",38.21
"21:18:06",13.606
"22:06:22",71.368
"7:40:12",17.7
"7:52:20",2.084
"20:01:26",21.702
"0:58:28",6.542
"23:36:45",89.268
"19:59:09",33.7
"18:31:04",44.432
"7:43:50",16.948
"22:24:41",36.638
"8:10:43",4.244
"1:25:00",10.802
"8:20:37",20.09
"0:11:06",15.282
"0:18:54",17.766
"1:37:30",32.504
"1:54:44",3.086
"21:24:22",29.808
"21:30:08",26.976
"19:46:46",58.148
"23:37:05",84.15
"20:46:25",32.244
"1:05:14",3.552
"7:31:42",23.47
"23:48:53",61.214
"0:07:06",31.004
"18:19:14",46.238
"23:41:05",86.218
"21:26:08",42.876
"19:18:06",62.752
"8:38:52",31.006
"17:48:57",58.422
"8:03:45",6.4
"19:36:03",25.484
"20:45:21",44.148
"0:43:22",27.674
"18:53:31",35.538
"17:39:43",61.65
"8:33:49",21.058
"2:17:31",3.58
"19:42:02",39.57
"7:37:46",8.904
"1:09:02",7.734
"22:07:14",53.528
"1:40:37",20.148
"18:58:18",29.9
"7:29:58",12.188
"18:41:23",35.642
"19:37:07",36.922
"21:07:07",20.906
"19:35:31",24.488
"19:29:20",36.574
"0:28:36",29.598
"21:29:58",25.31
"22:36:14",23.514
"19:17:34",60.51
"1:12:20",3.58
"20:42:44",31.7
"18:54:55",52.232
"1:14:57",5.904
"22:10:22",65.638
"23:56:31",40.604
"20:21:52",34.6
"23:44:01",73.92
"19:31:15",31.992
"17:28:56",51.816
"1:01:57",5.384
"0:42:30",33.168
"22:29:04",36.406
"17:49:50",52.792
"18:07:08",33.128
"21:09:24",22.344
"0:50:29",25.068
"19:15:05",83.288
"20:38:13",52.346
"22:44:26",45.448
"8:21:29",28.11
"21:56:06",35.482
"0:15:58",11.96
"21:47:43",14.032
"7:25:38",12.92
"18:32:28",50.214
"19:08:52",55.922
"1:44:37",10.57
"21:28:13",33.06
"22:15:46",44.114
"18:56:42",51.984
"19:13:18",81.39
"0:12:50",12.56
"0:26:32",22.038
"18:26:49",31.36
"21:27:21",30.698
"1:41:29",21.8
"19:37:20",35.328
"2:27:50",21.386
"23:28:15",82.564
"18:10:12",26.84
"19:48:51",36.278
"18:59:55",53.306
"21:49:07",27.736
"23:39:10",77.79
"7:29:06",8.816
"21:59:14",48.776
"2:05:21",1.256
"22:47:13",55.034
"8:35:44",25.486
"22:27:40",29.782
"18:46:11",62.0
"8:40:47",18.162
"8:25:49",27.2
"18:35:36",51.732
"17:25:31",71.64
"19:19:01",46.906
"20:06:41",53.14
"8:06:53",5.182
"1:00:02",6.27
"1:25:52",17.802
"23:37:57",75.538
"7:54:24",2.0
"0:31:44",32.046
"1:32:17",19.792
"23:33:58",94.302
"0:54:50",13.066
"21:35:21",22.09
"7:22:52",7.38
"8:13:40",9.98
"18:05:44",22.162
"20:35:26",57.37
"21:07:59",14.314
"20:00:34",33.534
"20:32:49",44.296
"18:46:23",63.6
"22:48:58",39.622
"22:03:14",46.446
"22:03:35",50.53
"19:04:07",34.726
"20:18:40",40.158
"0:26:01",20.536
"2:11:18",1.99
"0:27:44",18.61
"17:46:28",46.528
"18:02:12",68.248
"1:48:48",4.024
"19:38:44",35.372
"20:56:20",32.558
"19:07:27",41.426
"8:09:40",4.27
"8:36:57",29.78
"18:42:47",31.826
"20:03:33",41.984
"8:42:00",16.686
"20:20:07",27.25
"21:50:31",28.172
"0:14:14",13.574
"21:53:29",45.362
"21:21:14",35.302
"1:21:32",32.722
"19:58:17",34.86
"8:02:53",6.41
"19:10:17",53.624
"2:39:45",10.568
"7:34:50",13.568
"22:18:54",39.556
"8:27:02",29.256
"22:59:45",51.626
"0:49:06",40.294
"1:10:57",7.618
"8:39:44",33.402
"21:00:41",26.496
"7:30:29",10.484
"21:57:50",44.57
"7:33:58",20.66
"20:19:32",31.906
"23:54:47",49.138
"21:50:10",12.864
"7:50:15",7.096
"22:21:21",27.652
"0:32:47",22.898
"1:18:56",18.206
"19:53:45",27.7
"18:16:15",37.428
"23:46:48",85.716
"17:27:19",63.656
"0:19:05",28.514
"0:55:21",10.474
"1:52:27",4.788
"8:14:43",13.596
"18:13:47",35.538
"22:04:06",37.744
"18:20:18",41.918
"0:37:59",18.296
"2:01:00",0.942
"22:48:37",43.654
"21:31:21",37.584
"2:19:47",9.262
"7:25:59",16.208
"20:19:44",27.112
"21:23:09",20.106
"22:30:59",32.352
"0:24:48",13.788
"1:44:16",11.268
"23:41:36",96.424
"20:33:10",50.918
"22:51:13",49.372
"22:49:29",51.17
"19:49:54",45.41
"23:38:50",85.01
"21:02:56",47.458
"17:28:35",49.362
"18:02:33",71.858
"7:46:57",9.258
"19:54:37",53.044
"17:58:40",56.562
"20:38:34",53.186
"21:22:17",29.194
"22:52:16",63.868
"19:45:22",36.382
"17:30:31",44.96
"22:42:09",30.584
"2:10:15",2.444
"21:29:37",37.428
"20:34:02",57.814
"21:32:24",20.848
"22:18:33",44.572
"20:26:03",39.85
"23:59:59",45.712
"8:22:42",30.216
"2:15:27",4.728
"8:27:54",24.352
"17:43:05",60.802
"18:21:22",44.284
"0:11:58",12.548
"18:10:23",25.66
"22:11:25",61.314
"1:20:40",10.442
"8:23:34",36.482
"21:27:42",37.322
"2:00:08",1.276
"1:51:24",6.012
"0:38:40",7.212
"8:31:33",32.324
"21:08:52",28.766
"0:08:51",23.69
"18:43:40",39.26
"7:36:02",19.962
"18:45:15",60.214
"18:50:11",47.77
"22:22:24",30.532
"21:54:42",50.996
"20:43:16",36.314
"23:55:39",37.046
"8:36:36",28.578
"0:59:41",8.26
"1:14:36",3.518
"8:20:58",18.374
"22:33:15",18.896
"17:53:52",48.578
"19:27:04",35.234
"20:35:05",60.074
"0:16:50",11.652
"21:45:27",25.994
"0:53:37",20.15
"7:53:32",1.3
"20:52:19",24.48
"18:29:29",53.49
"2:04:28",1.804
"21:03:48",11.628
"20:08:05",41.11
"7:59:35",1.544
"23:27:23",86.608
"8:06:32",4.22
"0:03:59",33.676
"21:10:47",31.908
"22:47:34",41.824
"1:47:45",3.514
"0:20:28",18.166
"18:00:04",47.65
"8:37:08",33.792
"21:36:24",30.214
"19:28:28",36.126
"20:44:08",34.988
"0:12:09",12.824
"23:34:09",87.722
"2:28:42",25.614
"21:06:56",13.958
"0:17:10",13.334
"21:56:58",59.354
"18:04:41",54.006
"19:51:50",45.43
"7:27:43",15.506
"22:35:11",26.434
"23:44:53",78.866
"20:55:27",34.218
"0:09:11",19.702
"7:35:42",21.264
"17:50:32",61.19
"19:40:18",36.786
"22:43:34",58.244
"20:39:05",41.388
"22:13:30",50.564
"0:10:34",23.566
"0:49:58",18.48
"0:52:45",15.438
"0:57:57",10.632
"20:20:59",19.85
"1:03:09",5.638
"21:44:35",28.064
"2:21:10",9.556
"20:08:57",36.09
"1:12:41",4.33
"17:32:02",48.868
"18:41:44",35.674
"19:35:52",34.95
"2:18:23",10.434
"0:40:14",11.408
"19:06:35",38.264
"19:32:19",27.99
"19:39:47",38.76
"0:05:43",30.032
"20:58:35",39.504
"21:40:03",22.89
"23:35:42",83.29
"7:44:53",13.324
"7:56:39",1.462
"1:00:54",5.59
"0:13:42",12.314
"22:08:38",58.042
"17:21:27",56.714
"1:07:50",8.194
"1:35:46",18.114
"19:43:26",40.76
"21:48:35",15.414
"0:21:41",15.714
"17:51:56",45.244
"8:41:39",11.482
"1:43:45",13.178
"0:33:39",24.992
"18:40:20",23.16
"18:11:27",28.802
"23:50:27",58.764
"17:40:25",55.972
"18:37:53",36.64
"20:05:49",41.208
"7:36:54",23.784
"17:54:44",47.524
"17:47:21",44.78
"8:07:56",5.698
"23:43:41",77.466
"20:54:15",34.102
"21:13:55",21.456
"21:33:16",17.564
"7:39:09",8.08
"19:00:47",33.272
"21:52:46",35.39
"17:34:58",47.368
"1:19:48",22.074
"1:57:52",1.578
"8:00:48",1.546
"8:34:41",26.076
"18:22:46",29.608
"19:23:53",15.474
"23:31:54",82.94
"2:14:35",4.116
"20:40:08",46.97
"22:16:49",33.532
"8:11:35",9.082
"22:50:21",52.718
"21:55:34",49.636
"23:49:04",78.246
"19:56:01",32.552
"7:40:33",18.626
"1:50:32",4.344
"17:24:27",59.81
"22:23:48",29.926
"20:01:05",30.006
"7:32:34",25.138
"23:38:08",77.3
"20:15:42",19.654
"23:52:32",63.194
"1:41:08",18.29
"19:52:00",38.354
"0:37:07",13.614
"7:37:25",14.222
"19:48:20",43.976
"18:18:31",33.564
"23:28:46",82.574
"18:06:47",25.104
"0:02:15",26.41
"19:51:29",35.668
"21:25:25",27.288
"0:21:51",18.474
"21:17:03",29.378
"21:24:43",26.924
"2:29:03",33.598
"17:46:49",55.554
"1:40:26",15.006
"20:44:40",41.276
"8:21:08",22.29
"18:42:16",31.356
"1:31:46",24.318
"20:37:00",60.374
"21:34:29",25.822
"2:11:49",1.998
"19:36:24",27.792
"21:11:08",29.962
"0:56:55",8.298
"20:31:05",39.662
"18:56:21",48.118
"1:02:48",4.652
"1:25:21",9.934
"17:47:32",61.21
"8:32:46",24.106
"20:21:31",37.034
"22:24:52",43.222
"19:13:40",71.848
"18:54:24",45.908
"19:15:36",67.906
"20:02:20",31.836
"21:35:00",21.116
"8:34:31",29.78
"17:37:45",61.674
"22:45:39",53.206
"18:23:50",30.438
"19:27:56",30.196
"7:51:48",5.572
"21:07:28",14.524
"17:56:24",48.664
"20:30:23",39.172
"0:31:13",28.034
"1:46:33",8.11
"19:30:54",34.376
"21:44:04",28.674
"7:40:23",12.524
"21:00:20",31.794
"1:09:13",7.462
"22:35:53",34.424
"19:17:45",62.194
"20:42:55",39.436
"21:01:22",31.302
"18:40:52",26.742
"23:30:30",74.598
"19:19:34",44.08
"1:13:13",10.392
"22:07:25",48.926
"21:06:14",23.782
"1:48:17",5.694
"19:41:31",33.49
"22:19:57",35.28
"8:29:48",32.52
"19:11:43",68.014
"8:43:03",12.044
"19:09:35",65.46
"7:23:33",6.134
"18:48:43",55.416
"22:54:00",72.37
"1:08:31",6.474
"20:17:26",37.546
"18:25:14",34.728
"17:56:00",58.066
"19:00:05",55.464
"23:37:26",74.156
"0:42:51",30.16
"21:51:44",30.228
"1:10:26",3.224
"22:36:03",21.026
"18:57:35",36.828
"21:59:35",35.098
"22:06:43",69.136
"1:50:01",4.922
"18:58:29",38.328
"19:42:13",34.944
"22:26:16",21.754
"19:34:59",36.252
"21:42:19",26.87
"18:53:10",41.074
"0:22:01",17.202
"17:43:38",57.93
"18:02:54",65.396
"18:59:44",44.12
"8:02:22",9.238
"2:16:29",5.274
"1:21:11",12.754
"20:05:18",36.744
"20:09:08",28.858
"23:29:48",76.924
"19:16:51",55.724
"8:08:16",5.49
"20:36:49",71.182
"19:07:06",53.994
"18:09:06",36.29
"20:28:39",46.242
"20:49:32",23.206
"19:47:17",31.132
"22:03:56",43.752
"23:32:46",81.17
"0:46:19",23.172
"18:30:53",35.756
"1:27:05",23.048
"7:54:03",1.808
"8:39:23",18.26
"20:35:15",57.588
"21:28:24",29.346
"18:44:01",36.71
"2:28:01",15.54
"22:42:41",52.944
"21:09:13",23.754
"18:32:17",54.658
"19:57:04",32.534
"2:20:49",6.696
"21:04:30",24.238
"7:41:25",13.954
"8:05:08",2.094
"20:14:39",23.324
"22:32:54",22.85
"8:40:36",30.954
"0:49:27",24.742
"1:24:18",10.46
"18:38:04",26.47
"17:30:20",42.066
"8:42:21",15.164
"22:47:24",40.274
"22:09:09",48.732
"7:50:46",5.78
"1:06:58",5.976
"0:00:51",37.078
"0:24:58",13.732
"17:51:04",49.362
"7:25:17",11.4
"7:49:13",6.838
"19:01:19",39.47
"19:35:10",40.478
"1:28:28",24.658
"19:04:39",27.366
"22:48:47",54.148
"20:43:57",30.706
"2:05:32",1.098
"8:38:00",26.358
"1:29:51",14.824
"21:18:58",25.268
"7:29:27",12.264
"19:38:33",33.696
"7:45:03",23.208
"1:33:51",26.872
"20:03:22",33.874
"22:31:31",35.892
"1:55:57",3.84
"0:35:43",11.484
"8:01:19",4.214
"22:41:17",29.462
"22:11:46",57.314
"20:00:23",21.94
"17:25:09",56.336
"19:33:01",42.58
"17:41:29",40.734
"18:10:44",40.558
"20:50:45",38.696
"19:10:28",58.41
"0:23:35",16.852
"0:57:05",11.512
"18:21:53",46.638
"0:20:48",22.49
"17:52:38",59.608
"1:28:07",19.536
"7:22:31",8.048
"21:32:45",26.736
"1:17:43",10.192
"21:40:55",22.114
"21:22:58",19.944
"0:39:53",10.146
"23:36:24",91.024
"2:15:06",6.076
"2:08:52",2.072
"18:00:57",40.574
"20:39:57",43.322
"22:00:48",55.694
"19:23:42",21.686
"17:20:21",50.432
"20:50:24",29.25
"8:27:43",30.498
"7:41:46",11.76
"7:22:10",5.878
"17:27:31",50.892
"20:31:57",38.846
"7:47:39",15.202
"23:46:59",86.15
"19:26:22",38.052
"0:17:31",11.422
"21:56:27",54.836
"17:36:47",61.506
"7:33:47",15.158
"21:47:12",12.294
"22:22:03",29.16
"0:09:32",21.218
"22:39:22",16.446
"20:18:50",35.062
"20:24:17",42.996
"23:56:10",36.004
"17:59:43",53.108
"0:41:27",11.998
"1:49:40",4.494
"2:01:11",1.7
"20:40:49",28.672
"2:10:26",4.136
"21:18:37",21.378
"23:35:01",91.638
"20:57:22",33.55
"8:02:01",6.874
"21:29:26",34.95
"18:21:01",42.768
"22:48:26",44.378
"17:28:24",55.106
"2:04:49",1.686
"2:18:54",9.64
"2:07:17",2.146
"17:20:33",69.956
"18:03:15",45.028
"1:10:05",4.262
"21:21:35",35.04
"1:43:34",23.122
"19:55:19",33.804
"22:04:17",55.85
"1:50:53",2.828
"7:28:04",13.262
"7:30:08",14.182
"18:13:02",30.55
"18:51:25",46.718
"20:34:13",50.472
"19:54:48",43.124
"18:15:12",39.632
"21:22:06",24.818
"23:40:44",92.718
"19:45:33",35.166
"20:17:47",16.166
"0:23:56",15.852
"18:33:52",49.976
"1:19:27",9.236
"0:25:19",13.372
"7:55:26",2.488
"0:33:18",33.726
"18:34:02",51.306
"21:45:38",23.96
"20:43:05",45.76
"19:05:10",62.698
"19:41:52",39.458
"20:56:51",34.848
"19:49:43",44.656
"0:59:30",3.858
"1:27:26",18.488
"1:51:35",5.61
"22:56:37",63.844
"18:12:41",28.616
"1:22:34",16.308
"18:46:55",67.11
"0:47:43",17.968
"7:26:20",17.206
"21:01:43",32.076
"18:38:56",30.966
"1:18:45",20.634
"18:04:30",48.956
"0:32:36",22.71
"23:27:12",76.892
"1:26:44",19.926
"21:44:56",43.868
"18:05:13",20.954
"19:03:04",45.664
"0:38:51",13.322
"20:22:54",29.75
"19:26:10",38.39
"17:45:14",57.426
"17:53:41",56.738
"7:40:44",17.196
"19:44:50",48.034
"19:09:56",58.782
"20:45:42",36.29
"8:34:52",15.654
"7:42:07",16.642
"8:12:48",5.746
"18:50:42",54.036
"18:54:03",54.498
"17:32:13",50.918
"22:05:20",55.236
"19:07:58",53.83
"7:31:11",14.442
"19:40:07",40.166
"23:58:46",27.03
"7:27:54",16.196
"8:26:41",25.984
"22:19:36",36.872
"19:14:01",77.266
"8:30:09",25.172
"23:57:12",37.772
"2:02:13",1.902
"1:31:25",26.33
"18:52:39",51.596
"0:08:30",22.304
"20:16:03",17.11
"17:26:24",45.694
"8:15:56",9.618
"17:54:23",43.19
"18:55:59",41.076
"0:56:34",11.788
"19:33:53",36.896
"8:25:18",36.004
"23:54:16",43.62
"2:13:22",4.732
"1:11:49",4.582
"22:54:52",74.17
"8:41:18",9.636
"17:40:46",62.132
"20:29:10",30.614
"8:17:19",15.382
"0:02:36",34.544
"22:53:29",60.906
"21:51:23",29.582
"19:06:24",39.494
"1:34:33",35.914
"7:24:56",5.704
"7:48:42",14.196
"8:22:11",33.112
"19:46:35",61.744
"20:08:26",31.276
"21:55:13",46.086
"17:50:21",56.56
"23:49:25",60.324
"1:03:51",6.472
"2:15:58",9.974
"21:30:19",28.39
"19:56:22",25.018
"2:03:47",2.476
"22:18:02",47.724
"22:26:37",14.422
"0:44:35",23.102
"22:49:08",48.676
"1:42:32",18.948
"19:00:26",28.234
"22:40:35",40.264
"22:28:01",26.972
"17:58:08",35.07
"19:40:49",37.232
"1:38:43",24.258
"18:25:35",41.342
"0:52:34",16.85
"21:58:21",41.636
"23:50:06",60.838
"19:53:14",40.89
"18:01:39",46.968
"18:16:46",45.754
"20:33:31",45.558
"21:19:40",44.98
"0:21:30",20.656
"18:34:54",35.518
"2:00:39",0.538
"22:29:35",17.45
"1:56:18",2.974
"20:51:06",30.394
"2:28:53",23.426
"19:57:56",35.658
"8:07:45",4.534
"23:26:10",87.056
"18:27:11",38.508
"22:16:38",47.152
"22:32:02",27.866
"23:35:53",88.518
"21:48:46",16.482
"7:43:09",17.786
"17:45:56",49.218
"22:20:50",17.09
"1:15:49",34.796
"1:06:06",4.182
"7:32:45",22.994
"17:24:38",58.362
"22:01:20",48.858
"1:45:09",8.086
"21:37:37",25.0
"22:12:28",68.078
"17:31:15",54.934
"1:46:54",10.202
"17:34:25",45.85
"20:19:11",19.414
"0:05:22",26.324
"8:33:07",19.08
"7:28:56",9.044
"19:57:35",44.652
"20:35:36",69.628
"18:48:22",53.284
"19:33:22",45.772
"19:18:28",53.862
"20:00:44",27.708
"1:20:09",13.392
"17:29:58",33.422
"18:49:38",51.56
"17:39:21",69.276
"2:02:34",1.52
"18:37:43",29.358
"22:25:23",28.368
"19:34:26",28.986
"19:50:36",28.62
"8:09:30",6.158
"23:57:33",59.354
"17:54:02",52.56
"22:40:04",16.154
"21:54:00",37.896
"1:11:39",5.478
"22:52:58",58.78
"8:19:04",15.39
"19:16:19",51.234
"20:51:58",19.964
"21:16:32",35.434
"20:07:55",39.264
"20:45:11",46.97
"18:58:08",32.426
"7:29:48",12.328
"0:48:56",23.26
"7:32:24",16.568
"1:33:20",31.138
"22:07:04",59.096
"19:07:37",64.162
"1:29:30",19.484
"8:41:50",16.1
"18:40:31",27.52
"19:05:41",41.634
"18:19:36",63.622
"19:29:30",32.44
"0:23:14",14.71
"17:52:17",46.802
"1:10:47",5.184
"22:36:24",26.954
"8:35:02",16.68
"20:34:44",47.526
"19:34:38",38.126
"21:53:19",48.766
"7:23:54",5.792
"23:56:41",35.412
"7:56:49",1.65
"23:07:23",58.554
"21:05:43",22.828
"1:17:22",10.952
"20:21:10",32.336
"21:52:15",34.71
"0:09:01",20.62
"2:01:42",1.142
"21:28:03",33.708
"21:10:37",21.846
"8:34:10",20.55
"0:30:42",25.35
"1:08:52",6.312
"21:15:29",29.324
"17:42:55",73.07
"2:04:18",2.322
"23:50:58",56.946
"1:24:50",16.796
"7:45:34",16.026
"21:45:17",31.842
"1:55:26",2.928
"19:31:37",36.302
"17:26:45",48.086
"0:51:32",15.142
"17:43:59",40.31
"22:15:36",48.332
"19:59:20",32.58
"18:30:32",37.894
"23:29:17",77.838
"17:51:25",42.02
"0:22:22",10.03
"20:33:52",52.364
"23:52:53",43.276
"1:16:30",16.328
"19:30:33",42.394
"0:37:28",14.748
"19:08:42",48.522
"1:45:40",8.132
"2:05:11",2.036
"21:25:04",26.766
"21:33:58",10.47
"19:23:11",29.448
"18:18:10",45.39
"1:28:49",18.704
"18:08:23",44.69
"0:58:18",5.384
"7:34:08",13.108
"2:27:40",24.878
"19:46:56",58.886
"7:43:40",13.298
"22:00:17",62.314
"17:55:06",31.712
"8:18:12",12.554
"17:25:41",56.614
"18:39:27",30.166
"8:42:42",22.746
"22:12:59",59.938
"23:36:55",94.078
"7:40:02",11.908
"19:56:43",39.252
"0:49:48",33.272
"17:26:57",63.342
"1:51:14",4.408
"7:46:26",15.92
"18:17:17",37.398
"1:25:42",12.346
"1:35:04",29.778
"22:27:29",26.622
"23:37:47",80.408
"18:21:32",44.624
"20:53:53",25.634
"21:46:09",14.312
"1:54:34",2.466
"18:02:02",49.8
"0:18:44",15.952
"19:27:35",36.86
"8:28:04",18.204
"22:34:29",25.74
"23:47:09",94.226
"19:24:03",18.224
"1:41:40",20.924
"20:43:26",32.272
"2:29:24",24.172
"20:27:16",51.196
"1:19:06",13.11
"8:15:04",11.676
"18:42:37",33.914
"22:03:04",35.708
"2:11:28",1.602
"19:36:45",26.636
"19:38:54",35.464
"21:11:29",25.354
"22:31:10",31.486
"8:27:12",33.48
"22:21:42",25.45
"20:42:34",37.034
"22:59:35",44.954
"19:55:51",34.848
"8:21:40",27.714
"23:40:23",87.396
"17:46:18",74.87
"0:50:40",17.098
"22:02:12",68.67
"20:20:17",26.636
"23:52:01",61.01
"0:42:19",25.548
"20:48:09",32.194
"21:00:51",30.384
"21:40:34",29.272
"20:53:01",18.488
"0:19:36",17.344
"20:39:36",51.838
"23:36:03",79.672
"17:22:21",64.982
"22:18:44",43.286
"2:08:31",1.39
"23:59:17",39.496
"22:24:31",28.598
"20:42:03",48.332
"20:38:23",51.608
"18:20:08",49.336
"19:12:04",78.978
"0:57:26",5.562
"18:54:45",44.136
"18:32:38",62.384
"0:32:57",26.46
"22:17:31",35.454
"21:04:51",18.158
"8:05:29",5.878
"18:38:35",38.134
"20:14:18",25.112
"8:24:47",33.894
"19:02:42",41.332
"1:36:27",26.29
"17:35:08",64.958
"2:20:28",6.856
"21:17:24",20.756
"7:55:57",2.734
"17:23:34",55.442
"8:17:50",11.794
"8:43:34",16.412
"20:03:43",35.696
"20:49:11",18.444
"7:30:40",11.19
"22:56:58",62.602
"7:33:16",18.83
"17:38:28",40.624
"1:09:44",5.02
"17:48:15",49.11
"0:00:30",27.598
"21:49:17",16.436
"7:49:34",9.678
"17:33:08",45.196
"19:41:00",47.722
"22:07:56",49.308
"19:48:41",39.82
"7:34:39",19.786
"23:28:25",77.668
"8:12:17",6.14
"21:27:11",30.116
"17:57:25",35.948
"21:14:37",25.126
"2:05:42",0.972
"1:08:00",3.738
"0:03:28",37.316
"21:07:49",17.088
"19:15:15",73.322
"8:40:57",20.586
"22:47:03",75.152
"18:26:39",35.312
"0:31:34",24.704
"19:42:44",45.198
"7:50:25",12.302
"19:30:02",34.66
"22:06:12",51.09
"8:07:14",5.952
"2:00:18",1.594
"1:07:19",3.44
"1:20:50",13.19
"17:30:53",50.042
"0:54:39",11.742
"7:54:34",2.316
"19:01:50",49.54
"22:16:59",41.482
"19:46:04",31.158
"23:12:26",79.114
"1:30:12",13.914
"19:59:51",27.124
"22:19:15",46.006
"20:37:52",32.774
"8:13:50",13.162
"20:56:30",31.258
"18:34:23",33.24
"22:42:20",44.796
"20:05:39",32.786
"22:08:48",50.104
"8:23:24",27.57
"19:27:14",37.024
"18:32:59",50.746
"19:00:57",30.404
"21:33:06",22.932
"18:33:31",69.69
"2:06:46",1.684
"22:34:08",23.386
"7:27:33",10.67
"21:14:16",25.086
"17:24:17",50.33
"1:21:42",19.92
"20:19:54",40.102
"17:57:46",34.51
"17:21:49",62.602
"0:38:30",13.39
"19:03:25",33.426
"0:05:01",26.522
"0:53:47",24.294
"8:40:05",18.104
"8:39:02",22.83
"20:23:25",42.654
"22:29:14",22.924
"23:26:41",89.418
"17:59:22",36.504
"20:57:01",30.06
"18:44:22",46.78
"21:09:34",24.814
"2:10:05",1.576
"0:39:01",12.77
"22:32:33",17.852
"22:02:33",41.452
"21:50:00",11.294
"0:12:19",13.566
"21:56:48",37.232
"20:31:36",36.252
"23:34:40",78.164
"19:02:21",36.138
"18:13:57",41.218
"21:17:45",16.972
"1:55:05",3.778
"7:45:55",17.712
"1:31:04",12.576
"18:15:33",46.266
"18:50:21",68.432
"22:09:41",57.972
"19:54:27",57.194
"21:22:27",19.86
"22:49:39",47.516
"22:20:18",29.252
"17:23:13",73.006
"20:38:44",47.11
"0:44:56",26.21
"19:45:12",42.74
"22:17:52",45.5
"0:48:04",33.074
"21:57:19",47.186
"0:52:55",22.536
"2:16:08",3.434
"2:07:38",1.778
"2:08:10",1.494
"0:19:15",15.202
"19:25:38",28.826
"21:21:56",27.65
"18:51:04",55.202
"17:22:42",72.562
"22:59:14",53.288
"7:28:25",8.014
"2:15:37",4.06
"0:36:57",20.568
"22:18:23",45.856
"21:16:53",27.986
"0:41:48",23.488
"7:44:11",12.008
"20:30:44",40.106
"1:56:49",1.56
"1:37:19",30.336
"18:40:10",33.8
"17:15:51",0.0
"18:27:32",47.232
"20:51:37",19.55
"21:08:42",28.26
"21:18:16",28.63
"21:29:47",31.728
"22:11:15",53.648
"1:35:56",26.378
"23:35:32",80.6
"23:51:30",52.582
"1:53:30",5.37
"22:25:02",22.738
"7:51:17",5.716
"1:40:47",21.212
"18:45:05",38.52
"1:19:58",13.26
"17:58:30",54.702
"17:39:00",45.614
"22:58:31",71.24
"18:24:00",31.616
"0:33:49",32.034
"22:39:01",21.174
"1:27:57",21.202
"0:51:11",18.098
"20:33:00",44.25
"7:52:09",5.542
"20:52:30",22.03
"8:00:58",1.208
"21:13:45",21.754
"0:52:03",19.612
"1:46:11",7.27
"18:11:05",30.754
"1:03:20",5.506
"22:28:22",25.052
"17:45:35",58.612
"21:48:25",20.472
"21:59:56",42.856
"22:12:07",67.522
"20:22:33",32.634
"18:08:02",25.728
"23:27:33",89.04
"0:36:05",8.246
"17:34:04",58.676
"21:37:58",26.534
"18:43:29",52.782
"0:44:04",54.654
"20:40:18",35.754
"22:35:01",24.328
"0:37:49",13.884
"1:11:18",6.104
"2:28:32",33.528
"1:18:14",13.342
"18:49:05",42.402
"0:09:53",30.14
"20:47:38",27.11
"0:32:05",25.264
"20:28:08",49.096
"18:04:51",43.672
"1:26:13",18.88
"0:02:57",23.152
"0:45:48",30.534
"18:19:57",34.874
"7:47:18",14.09
"22:46:20",62.312
"19:50:15",33.072
"0:17:52",8.638
"23:46:38",78.922
"20:16:34",22.604
"8:03:14",4.402
"8:26:20",28.356
"2:14:45",2.536
"19:47:48",36.258
"22:15:15",30.274
"18:30:11",36.522
"23:38:39",91.496
"18:01:18",46.788
"18:16:25",38.776
"19:53:35",31.682
"21:23:19",25.396
"0:24:06",10.206
"1:42:11",18.284
"18:25:56",34.046
"19:32:29",34.134
"2:03:26",2.716
"22:40:56",29.128
"23:00:27",66.548
"19:11:00",57.418
"19:40:28",52.046
"18:06:26",25.296
"21:15:08",36.156
"22:36:45",34.686
"1:43:55",22.724
"8:22:32",37.318
"19:06:45",47.14
"0:40:04",13.62
"17:53:10",42.854
"19:28:06",34.172
"19:29:51",29.192
"0:16:19",14.988
"20:08:47",36.276
"22:26:58",14.648
"21:26:40",32.334
"21:44:25",43.244
"1:34:12",27.502
"21:05:22",18.822
"7:39:20",13.196
"1:23:58",8.756
"19:58:28",30.308
"18:40:42",28.888
"17:51:46",47.392
"21:05:54",32.002
"19:11:53",68.89
"19:41:21",39.822
"0:05:53",33.378
"1:47:25",5.206
"19:35:20",27.688
"0:35:33",13.932
"19:05:52",61.918
"20:29:00",42.03
"1:29:41",16.966
"21:01:12",43.196
"22:58:52",58.24
"2:20:07",7.05
"19:57:46",35.71
"17:39:32",52.5
"18:22:57",41.19
"20:52:40",23.936
"7:44:43",14.992
"2:13:12",3.694
"21:41:47",24.062
"18:23:39",27.156
"22:30:18",22.558
"22:05:51",47.536
"1:17:33",17.874
"17:52:28",52.698
"0:23:25",11.022
"21:52:36",42.966
"18:57:25",31.09
"19:34:49",38.328
"20:17:16",27.092
"23:36:34",89.242
"21:51:54",33.56
"23:07:12",66.022
"0:34:51",16.198
"21:59:25",55.704
"22:00:38",54.862
"23:31:22",73.976
"21:39:52",22.406
"17:57:04",47.142
"20:34:55",56.848
"1:42:01",16.432
"21:23:51",19.84
"22:06:33",65.828
"2:03:05",1.652
"19:48:09",40.502
"23:28:56",82.772
"8:03:34",6.108
"1:16:51",18.454
"20:58:46",32.166
"0:22:43",11.2
"18:28:03",51.554
"0:07:17",13.588
"19:12:47",70.116
"0:41:58",17.254
"21:42:30",22.626
"20:27:47",60.538
"20:45:32",42.37
"23:42:59",88.51
"22:13:41",36.798
"17:38:49",60.284
"7:51:38",6.528
"0:17:00",16.32
"18:56:31",64.628
"1:36:48",28.752
"1:53:51",3.094
"19:13:29",65.76
"23:37:16",74.394
"18:52:49",50.352
"2:02:23",2.122
"23:29:38",82.272
"19:15:58",57.22
"21:47:54",11.702
"23:52:42",61.228
"20:30:13",48.14
"8:34:21",18.612
"0:06:35",29.51
"20:28:29",34.56
"21:43:12",36.674
"1:02:38",5.504
"20:59:28",25.458
"0:43:11",30.126
"20:46:14",37.63
"21:11:18",31.998
"18:17:38",55.714
"19:33:43",33.714
"18:19:03",52.644
"8:04:16",3.204
"23:41:16",92.398
"19:18:17",42.316
"18:18:21",57.514
"23:53:24",50.966
"1:39:35",17.076
"19:30:44",36.38
"0:45:27",28.728
"19:51:39",48.796
"19:17:23",65.394
"19:52:22",34.518
"19:23:00",41.2
"19:28:48",38.212
"7:26:09",21.81
"22:53:39",68.84
"2:17:42",4.856
"17:56:34",51.65
"8:18:01",15.49
"1:25:11",16.032
"23:40:34",77.424
"7:24:05",9.56
"23:45:46",89.132
"7:29:17",7.85
"8:19:35",17.828
"22:15:57",40.546
"2:08:42",2.06
"22:44:15",45.586
"21:14:26",26.884
"1:09:55",4.816
"8:42:11",15.902
"17:48:04",48.716
"8:24:26",27.566
"1:33:41",27.152
"21:27:32",28.702
"17:23:55",51.474
"0:15:47",12.18
"20:21:41",55.536
"1:55:15",2.112
"19:31:26",43.058
"20:02:09",28.846
"1:59:57",1.0
"18:25:04",46.442
"18:07:19",15.972
"22:41:07",35.498
"19:19:12",37.38
"22:26:06",30.532
"8:06:42",3.808
"0:20:38",25.092
"0:26:21",20.028
"17:41:40",40.604
"22:10:33",58.956
"1:14:46",3.864
"0:47:53",20.842
"22:14:23",65.406
"8:20:48",28.0
"8:28:56",23.708
"1:08:21",4.018
"18:38:46",24.38
"17:55:27",48.366
"18:35:47",41.068
"20:06:52",38.822
"17:25:20",56.834
"17:43:16",57.66
"22:21:31",41.284
"1:00:13",7.174
"7:48:00",13.67
"1:58:02",1.674
"8:01:30",4.51
"1:41:18",21.86
"23:28:04",85.932
"19:44:19",55.594
"8:12:06",7.792
"20:49:22",21.262
"8:16:48",10.262
"21:03:28",9.798
"1:30:54",11.382
"7:58:43",3.136
"0:27:55",30.282
"17:46:39",65.306
"20:54:56",38.236
"18:02:44",57.544
"23:32:04",72.092
"23:57:54",41.018
"7:22:41",6.858
"20:23:05",37.29
"20:14:29",18.804
"18:42:58",48.042
"19:55:30",36.204
"19:02:53",43.752
"0:51:53",16.392
"2:29:13",27.716
"22:03:46",38.57
"2:11:07",2.604
"21:50:20",23.098
"22:45:49",57.306
"7:46:47",12.38
"7:42:38",15.41
"18:48:01",49.922
"21:38:08",22.458
"22:17:10",49.724
"23:44:12",92.146
"18:02:23",55.664
"8:08:06",4.85
"19:42:55",31.978
"20:53:22",22.656
"0:49:17",37.782
"21:00:30",30.57
"19:10:06",50.702
"23:56:20",38.368
"0:00:41",36.498
"18:05:55",31.348
"22:21:10",20.022
"0:38:20",19.258
"8:06:21",4.962
"22:20:39",20.012
"20:33:21",61.182
"21:31:32",39.978
"21:57:08",54.62
"0:20:17",22.206
"0:59:52",4.46
"22:57:29",42.874
"18:13:24",26.634
"1:14:25",5.838
"22:27:50",26.034
"0:25:29",17.874
"7:59:46",0.4
"18:16:04",36.846
"22:31:41",25.15
"1:19:37",11.824
"19:05:00",45.014
"17:27:08",61.116
"2:09:03",1.632
"18:13:36",33.816
"22:52:05",53.136
"22:56:47",58.062
"20:25:10",36.554
"0:33:28",29.286
"22:03:25",51.158
"22:49:18",50.284
"22:58:00",57.162
"1:22:24",17.648
"19:02:32",48.322
"19:53:56",33.978
"20:49:01",28.672
"21:54:53",36.126
"19:24:46",32.272
"1:27:36",22.736
"21:30:50",28.094
"21:14:05",22.462
"17:30:42",53.126
"17:19:09",54.432
"22:11:36",44.218
"20:19:21",21.66
"20:29:52",40.766
"0:31:55",21.818
"7:55:16",1.804
"8:14:32",11.904
"18:10:34",37.05
"18:14:18",23.762
"0:55:10",14.502
"1:26:54",23.808
"0:50:09",20.268
"17:21:38",63.826
"19:03:14",33.502
"8:12:58",5.926
"18:50:00",43.79
"2:03:57",2.092
"7:28:14",14.83
"22:09:20",84.058
"0:27:03",15.818
"2:16:19",3.264
"22:38:30",14.17
"23:33:38",89.418
"23:47:20",73.264
"8:31:22",26.412
"19:26:32",47.422
"0:08:40",22.18
"7:36:13",17.542
"17:26:02",47.764
"22:14:02",50.356
"1:59:36",1.88
"22:33:26",23.14
"17:28:46",59.224
"18:45:26",55.318
"21:27:53",28.62
"22:22:13",28.134
"1:31:15",22.8
"8:30:40",25.264
"21:38:29",26.57
"22:46:41",53.61
"23:39:21",87.118
"19:13:08",68.946
"0:17:21",12.56
"20:31:47",39.8
"20:50:14",35.14
"7:42:17",16.986
"8:15:14",12.348
"7:25:48",13.898
"8:03:55",5.618
"8:19:56",14.548
"0:03:48",24.598
"18:13:12",39.078
"19:25:49",28.406
"22:41:59",40.948
"23:55:28",39.374
"7:53:43",0.692
"8:07:03",5.076
"2:04:39",1.512
"18:21:11",41.0
"1:30:33",13.988
"17:59:33",48.63
"23:26:52",77.07
"20:06:00",44.62
"20:57:12",43.278
"2:20:59",4.318
"18:44:11",48.81
"0:46:50",39.446
"18:51:15",50.206
"22:55:44",65.788
"22:32:44",19.752
"1:15:07",4.154
"18:15:22",43.482
"20:08:16",36.156
"18:00:15",39.932
"1:23:06",13.424
"19:32:08",39.078
"18:33:10",61.032
"18:37:00",44.906
"20:07:34",33.578
"0:01:02",31.1
"22:28:11",29.106
"8:04:37",2.742
"1:38:01",38.844
"19:00:36",30.862
"21:52:57",36.844
"22:01:30",40.044
"21:41:26",22.48
"0:44:45",19.712
"8:33:29",21.214
"18:12:51",30.514
"0:48:35",19.17
"1:38:53",20.634
"8:29:38",27.666
"20:16:55",21.706
"1:04:43",7.286
"21:36:13",19.8
"20:47:17",42.028
"22:40:25",34.798
"7:44:22",17.352
"18:36:29",33.192
"0:09:22",23.854
"22:35:22",13.316
"22:39:12",18.374
"18:27:21",41.606
"7:35:31",22.938
"20:48:40",16.312
"17:42:34",58.582
"20:44:50",33.658
"0:04:09",42.496
"21:37:47",22.53
"2:07:59",2.08
"17:45:24",72.468
"1:06:16",6.48
"21:44:46",37.556
"0:52:14",28.18
"20:22:44",43.818
"22:05:30",51.91
"0:06:56",40.132
"7:41:56",10.798
"18:03:05",51.488
"20:41:42",37.638
"20:54:04",37.778
"23:58:36",31.58
"17:34:47",50.214
"23:42:07",93.704
"8:26:31",31.67
"22:12:18",59.058
"2:06:25",1.424
"17:36:57",48.622
"21:34:39",19.316
"23:43:30",81.114
"18:06:37",21.184
"20:16:13",23.866
"7:47:29",14.696
"17:47:10",57.952
"22:19:26",45.976
"21:20:43",25.558
"18:11:16",31.162
"23:57:02",36.888
"1:57:41",2.472
"19:43:37",30.954
"20:55:38",30.284
"0:47:01",22.998
"0:56:44",9.502
"18:39:07",28.292
"8:41:28",13.766
"20:04:26",50.262
"21:05:33",22.736
"18:34:44",41.684
"18:47:06",45.346
"8:11:24",3.768
"0:41:37",10.114
"1:49:30",7.858
"19:56:12",37.498
"1:34:23",25.098
"22:29:57",27.168
"23:31:43",81.29
"1:42:22",21.812
"21:19:29",28.818
"7:23:02",9.378
"7:48:52",11.152
"22:50:32",60.348
"2:00:50",1.284
"21:12:10",32.928
"8:43:24",20.068
"0:16:08",11.462
"18:08:45",33.302
"18:25:25",45.138
"23:49:45",59.442
"20:04:05",31.652
"7:30:50",12.99
"22:26:27",20.368
"18:56:10",53.418
"23:44:33",76.186
"20:55:07",35.486
"21:15:40",23.508
"0:26:52",10.748
"21:45:07",55.58
"23:46:07",86.976
"8:17:40",9.664
"22:10:02",72.52
"19:08:20",51.686
"19:32:40",28.382
"0:10:14",15.652
"8:24:57",28.482
"19:19:45",48.862
"1:04:22",5.108
"7:53:12",1.58
"20:49:53",21.766
"20:21:20",41.432
"1:55:36",2.788
"19:31:47",34.618
"18:37:21",46.49
"17:48:25",49.842
"7:58:12",2.116
"19:34:04",35.744
"23:28:35",84.58
"8:12:27",2.94
"18:08:33",38.454
"1:56:28",2.326
"23:58:15",35.968
"8:26:10",23.484
"1:09:34",5.502
"0:45:06",42.014
"22:04:59",48.588
"1:34:02",27.584
"18:26:29",32.32
"20:53:43",28.124
"20:22:02",45.17
"22:43:54",62.728
"21:14:47",31.34
"18:17:59",56.748
"8:18:22",13.854
"23:53:03",60.208
"1:39:14",24.114
"0:36:36",22.76
"17:53:20",51.206
"20:20:39",21.624
"18:59:11",36.606
"17:47:53",53.408
"1:20:19",11.234
"7:46:16",19.754
"22:45:18",54.242
"19:10:49",53.982
"18:09:40",36.208
"19:57:25",34.744
"22:14:54",43.394
"2:18:03",3.144
"21:02:15",45.524
"0:23:04",8.886
"20:02:41",33.612
"17:37:09",54.336
"18:47:27",41.606
"22:22:56",30.028
"18:20:49",29.94
"19:38:12",35.628
"17:32:46",57.034
"19:36:35",35.15
"21:01:33",33.24
"23:37:37",73.212
"20:37:21",32.766
"20:25:52",52.094
"8:13:19",11.78
"0:33:59",26.734
"2:27:29",13.456
"23:57:23",43.462
"0:54:08",19.956
"20:15:21",20.612
"1:33:10",22.41
"20:01:58",22.158
"20:51:48",18.248
"2:11:38",2.334
"23:33:17",101.52
"23:45:25",90.916
"20:18:19",31.646
"17:32:34",45.602
"19:41:42",43.106
"21:42:51",26.3
"20:54:35",26.262
"0:50:50",20.926
"1:08:42",5.238
"0:14:34",15.92
"18:24:43",39.428
"7:23:44",8.076
"1:17:12",14.746
"1:32:49",28.558
"8:09:19",5.43
"22:21:52",25.578
"17:49:29",47.034
"20:34:34",57.262
"1:52:59",2.918
"18:23:18",36.058
"8:34:00",25.238
"2:01:32",1.518
"18:30:42",31.558
"22:30:39",21.412
"8:32:25",19.998
"22:00:59",53.172
"0:40:55",15.424
"20:57:43",30.516
"17:52:59",48.676
"17:52:07",46.41
"17:59:12",41.324
"22:48:05",41.42
"18:57:46",35.414
"18:41:03",20.936
"0:06:14",39.018
"8:08:27",4.716
"22:07:46",65.658
"17:27:52",50.236
"22:37:38",24.808
"8:05:19",3.882
"21:34:08",11.49
"0:35:12",12.724
"0:30:00",16.954
"1:29:20",20.49
"19:59:30",34.354
"19:05:31",47.28
"21:52:05",40.846
"2:19:15",10.636
"8:00:07",1.796
"17:43:49",57.046
"20:31:26",36.668
"20:50:56",26.934
"0:04:40",29.656
"0:27:24",21.954
"19:54:17",45.42
"1:16:20",19.11
"7:54:55",2.842
"21:46:51",16.164
"21:57:29",56.632
"21:03:07",43.58
"19:58:49",38.11
"21:53:50",38.734
"19:12:26",72.052
"0:34:20",11.448
"1:47:04",15.842
"7:55:47",1.538
"2:20:38",6.042
"7:38:38",10.432
"19:42:34",30.156
"21:04:41",24.724
"2:12:51",4.844
"19:17:02",59.22
"18:15:43",45.164
"0:00:20",35.402
"0:22:12",14.428
"0:39:32",20.442
"19:30:23",33.03
"21:39:21",21.462
"19:24:25",29.74
"23:48:33",73.192
"19:27:45",37.39
"21:46:20",25.498
"21:43:43",34.254
"22:34:40",24.402
"17:29:07",48.498
"22:11:57",64.98
"7:41:04",12.698
"1:12:00",4.222
"21:49:39",16.142
"22:27:19",23.336
"21:27:01",24.74
"0:11:26",21.934
"18:45:47",42.282
"22:31:20",33.762
"7:51:59",7.418
"7:22:20",7.756
"21:11:39",26.996
"1:41:50",23.334
"20:59:07",30.838
"1:22:55",20.676
"23:32:25",80.178
"17:33:43",54.926
"1:05:34",4.588
"2:02:44",1.716
"23:52:11",54.922
"8:16:27",10.772
"17:55:48",46.304
"8:19:14",14.504
"20:27:26",51.91
"7:26:40",12.612
"7:57:00",1.456
"17:38:06",53.876
"2:07:07",2.578
"18:18:52",49.522
"20:24:39",51.054
"20:42:24",41.382
"0:07:38",14.756
"8:21:50",34.152
"17:35:30",58.828
"23:40:13",83.258
"23:36:13",84.276
"19:51:08",32.174
"18:51:46",45.636
"19:52:53",32.78
"18:38:25",30.92
"23:53:55",53.75
"0:42:09",13.718
"1:01:25",7.99
"0:18:13",12.324
"22:55:13",66.378
"1:58:23",1.052
"18:17:07",42.862
"19:33:12",37.546
"18:10:55",28.906
"20:46:45",38.112
"0:19:46",17.19
"22:02:43",42.418
"22:41:38",25.992
"20:55:59",21.234
"21:09:44",26.464
"21:28:45",35.936
"0:47:22",29.752
"17:41:08",47.996
"22:32:23",15.51
"8:16:06",10.22
"2:07:28",1.76
"17:42:13",55.128
"23:26:31",85.2
"7:35:10",18.516
"17:20:44",64.704
"0:12:30",18.168
"0:09:43",21.512
"18:44:32",34.49
"18:12:20",30.384
"20:50:35",32.97
"21:17:55",17.426
"1:36:17",36.562
"22:10:54",73.636
"21:45:59",17.262
"23:39:42",92.004
"18:29:50",30.478
"0:17:42",14.464
"23:48:12",77.406
"8:29:17",31.166
"20:47:48",38.106
"23:34:30",83.596
"23:42:28",86.506
"17:56:52",39.796
"8:32:04",23.662
"20:07:13",36.814
"8:31:01",24.802
"22:38:51",16.888
"8:24:05",39.048
"8:38:21",26.374
"20:41:21",39.714
"1:59:15",1.668
"8:28:25",28.612
"7:34:29",16.132
"0:13:22",15.474
"22:13:10",57.198
"0:18:34",17.3
"1:58:44",1.484
"1:37:09",32.68
"21:12:31",31.4
"18:00:36",34.07
"1:02:17",6.2
"23:55:07",53.838
"0:41:06",25.452
"1:27:15",18.268
"8:10:11",4.218
"1:10:16",5.918
"18:27:42",38.076
"19:01:40",52.08
"18:34:13",34.046
"0:48:14",31.638
"22:51:45",59.146
"21:35:53",25.468
"0:56:13",11.224
"19:59:41",29.79
"0:33:07",23.876
"8:15:35",14.498
"2:13:43",2.932
"22:37:59",24.256
"22:42:30",47.312
"19:43:58",42.574
"1:19:16",13.514
"2:29:34",25.642
"7:44:01",12.174
"22:58:21",63.46
"1:51:56",4.5
"18:33:41",40.784
"18:14:40",20.732
"7:21:39",9.58
"22:28:32",25.602
"2:06:56",1.434
"1:46:01",15.046
"22:01:51",51.92
"1:34:54",24.892
"21:04:20",23.902
"21:48:15",18.29
"19:06:03",39.146
"8:40:15",23.662
"18:03:36",43.198
"23:35:22",85.064
"22:04:38",51.658
"23:51:19",43.01
"1:06:37",6.534
"1:42:53",24.238
"21:39:00",18.62
"22:43:02",47.1
"20:04:57",44.998
"17:21:59",53.86
"20:32:29",53.974
"1:52:07",4.928
"17:26:35",60.198
"8:11:03",4.9
"0:32:15",20.036
"0:29:28",23.93
"0:30:52",19.298
"1:49:08",10.05
"19:02:11",44.988
"19:50:57",36.396
"17:36:26",51.51
"7:47:08",14.0
"20:25:31",31.572
"23:46:28",89.272
"19:49:22",48.516
"1:57:20",1.764
"17:23:03",73.764
"21:20:22",23.252
"22:56:16",55.108
"0:16:29",11.698
"7:28:35",14.946
"22:57:08",55.564
"20:33:42",43.414
"7:52:40",1.56
"8:06:00",4.636
"18:25:46",40.704
"22:12:49",58.156
"22:09:51",64.164
"19:26:53",25.704
"20:45:53",38.244
"22:33:47",30.532
"2:03:36",3.134
"19:50:05",48.472
"8:36:16",32.126
"2:06:04",1.764
"20:26:23",34.486
"7:57:52",1.862
"1:15:28",22.406
"17:22:52",77.046
"21:26:50",36.146
"1:26:23",24.922
"22:23:16",23.762
"19:56:33",35.504
"18:22:14",40.394
"19:23:21",20.726
"17:24:59",55.656
"18:24:22",50.044
"7:23:23",6.804
"17:49:08",59.508
"17:32:58",56.462
"20:15:00",26.348
"21:37:16",24.55
"1:23:27",13.784
"2:11:59",3.942
"19:14:54",60.898
"20:51:27",20.462
"21:05:12",23.764
"20:30:34",47.49
"1:56:39",1.824
"17:40:57",54.624
"18:55:06",45.098
"1:30:02",16.758
"8:07:24",4.63
"1:56:07",3.16
"1:07:29",5.948
"23:55:59",53.032
"1:14:04",4.1
"0:51:01",17.712
"18:52:18",36.282
"18:06:16",38.57
"1:22:03",15.672
"18:55:38",45.692
"20:37:42",42.348
"22:39:43",24.706
"19:14:22",75.954
"21:08:20",29.108
"7:51:07",11.824
"18:36:08",43.802
"22:40:46",28.716
"20:59:59",46.48
"22:08:06",47.86
"17:29:47",48.704
"23:38:29",80.878
"0:01:23",31.878
"0:44:14",23.054
"7:59:15",1.596
"1:53:20",3.156
"1:38:22",23.364
"19:49:02",39.676
"17:28:03",39.976
"22:53:08",62.048
"20:29:31",46.886
"19:46:14",63.794
"20:19:00",42.044
"2:17:11",3.928
"21:51:02",22.234
"0:28:16",36.966
"8:37:28",35.822
"17:50:00",36.772
"20:26:55",36.068
"0:45:58",31.332
"1:03:30",5.012
"17:31:26",57.664
"19:39:15",34.758
"21:23:30",15.17
"18:43:19",38.888
"8:14:11",10.68
"20:22:23",38.096
"8:31:53",29.244
"23:30:10",75.406
"8:18:43",11.096
"0:36:15",11.224
"20:01:37",30.976
"7:32:13",21.964
"21:33:47",20.248
"21:42:40",24.35
"1:11:28",3.076
"2:16:50",3.238
"19:06:56",51.238
"22:13:51",60.604
"2:03:15",2.788
"1:16:41",19.87
"1:26:03",9.908
"20:36:29",63.778
"8:16:58",8.164
"8:35:13",24.7
"18:24:32",34.856
"7:57:31",2.696
"22:37:17",28.224
"0:07:27",17.682
"7:53:01",2.69
"20:35:47",51.096
"23:32:14",78.24
"17:38:39",47.17
"22:46:10",62.956
"22:25:34",25.504
"7:31:31",19.558
"18:53:42",46.046
"19:34:15",33.828
"20:59:38",28.86
"8:03:24",8.264
"18:48:11",50.06
"23:57:44",50.974
"20:16:24",20.87
"21:20:01",29.694
"21:54:11",28.922
"23:44:22",80.062
"0:01:33",33.67
"17:44:41",61.92
"18:30:21",34.37
"21:43:22",28.744
"0:36:25",17.534
"18:49:49",57.828
"2:12:20",5.342
"17:39:10",54.948
"19:50:47",35.084
"7:38:07",12.732
"20:46:04",42.3
"20:00:55",21.518
"23:58:26",22.08
"18:47:16",41.392
"19:12:57",83.164
"8:25:38",35.764
"22:54:32",60.352
"2:28:21",30.754
"21:16:21",41.96
"19:29:41",36.294
"23:45:04",75.69
"0:13:53",11.234
"18:57:03",60.172
"1:32:28",19.992
"23:00:37",82.422
"21:10:26",24.124
"19:17:13",68.69
"22:36:35",26.48
"19:33:33",33.278
"20:18:08",24.442
"21:53:08",38.56
"2:14:04",4.202
"7:24:15",8.148
"18:19:25",48.5
"20:03:02",34.568
"1:33:31",27.386
"0:53:27",15.108
"19:28:38",35.532
"17:55:17",49.64
"18:08:12",37.518
"0:34:41",18.792
"0:30:31",27.03
"17:42:44",56.034
"18:07:30",22.948
"22:40:15",32.268
"22:44:57",45.076
"22:53:50",66.402
"1:05:03",4.972
"1:57:10",1.704
"21:06:46",19.99
"21:26:19",31.376
"17:44:53",67.384
"21:58:53",46.094
"21:52:26",41.704
"18:36:39",38.832
"18:59:00",32.64
"20:43:37",35.596
"20:07:44",49.636
"22:58:42",48.65
"8:01:40",4.836
"23:31:12",80.132
"22:49:50",49.57
"21:02:04",37.874
"8:08:48",3.754
"18:41:34",31.49
"1:12:31",4.652
"8:10:32",4.794
"22:45:07",41.144
"22:30:28",21.87
"18:09:51",36.062
"17:41:50",37.132
"8:42:53",17.104
"0:28:47",22.494
"2:05:00",1.906
"19:56:54",32.346
"20:58:56",30.442
"19:18:39",48.834
"7:37:57",18.84
"18:35:57",41.818
"19:35:42",35.054
"0:58:07",6.898
"0:22:33",12.744
"21:21:03",37.65
"1:30:44",15.372
"20:27:05",30.444
"0:03:17",34.224
"7:58:33",1.752
"18:56:53",53.34
"1:01:05",6.634
"23:53:34",59.626
"20:23:15",34.422
"2:17:52",8.186
"0:27:13",23.102
"18:39:38",22.816
"20:41:00",35.892
"21:47:32",15.418
"1:44:48",13.108
"19:36:56",37.594
"20:54:46",25.696
"22:34:18",22.024
"7:42:48",13.316
"0:38:09",12.276
"8:32:14",19.736
"21:17:35",28.214
"19:55:40",32.71
"1:35:15",31.804
"22:17:20",46.486
"22:21:00",18.84
"23:59:28",29.02
"7:33:27",17.424
"21:24:11",27.29
"0:06:25",28.79
"20:30:03",35.99
"0:35:23",16.466
"8:20:06",18.582
"1:36:38",30.59
"21:59:03",59.692
"7:59:56",2.576
"19:52:32",43.156
"1:54:23",4.112
"17:22:10",45.716
"1:47:35",9.72
"1:01:46",8.842
"2:08:20",2.11
"22:55:34",60.736
"7:37:05",28.206
"8:27:23",23.592
"22:02:01",41.038
"7:46:37",15.634
"22:59:24",51.66
"19:09:03",43.73
"18:17:28",43.452
"20:53:12",38.128
"20:03:54",39.764
"17:33:19",48.046
"1:48:37",3.82
"1:04:01",4.674
"19:45:53",28.32
"20:20:28",28.03
"0:14:03",12.282
"21:49:28",14.102
"23:25:59",72.774
"19:58:38",35.54
"8:28:46",31.354
"17:23:45",54.526
"0:15:37",12.276
"22:44:05",52.562
"17:35:41",51.032
"21:35:32",29.952
"22:52:47",73.818
"8:24:36",36.512
"22:31:52",33.076
"22:45:59",52.464
"0:43:53",23.576
"18:32:49",60.624
"0:54:29",17.426
"21:39:42",24.516
"18:05:33",29.77
"22:14:33",49.544
"21:36:55",29.754
"1:58:12",2.466
"20:46:56",36.898
"19:27:24",49.894
"1:13:33",9.676
"20:14:07",20.202
"1:48:58",5.078
"19:04:18",40.928
"18:51:57",48.872
"1:51:03",4.526
"2:05:53",1.294
"17:35:19",61.52
"17:35:53",71.204
"7:38:59",14.71
"20:57:54",38.778
"21:25:57",31.078
"20:17:06",24.292
"8:39:55",31.192
"8:02:42",5.44
"18:14:08",41.248
"1:40:06",23.322
"17:57:14",43.714
"22:24:20",27.09
"18:23:29",28.272
"2:39:34",11.844
"1:08:11",7.814
"23:45:56",85.334
"1:06:26",6.736
"1:58:33",1.478
"7:48:10",13.552
"22:17:41",39.116
"20:58:04",25.964
"23:47:30",76.066
"22:09:30",69.238
"22:19:04",46.15
"8:30:30",25.9
"19:03:36",40.596
"23:33:48",101.51
"23:39:31",93.308
"8:31:12",24.492
"21:20:53",21.228
"19:44:30",45.156
"2:06:35",1.734
"17:54:55",40.982
"7:42:27",18.726
"8:36:47",26.502
"23:41:47",85.87
"7:27:22",15.354
"20:55:48",21.95
"22:51:24",53.78
"18:52:07",48.716
"7:35:21",17.358
"17:23:24",54.82
"18:34:34",36.764
"1:30:23",14.048
"0:39:12",17.59
"1:52:38",4.348
"19:43:47",23.404
"20:06:10",41.668
"18:04:09",38.686
"8:23:13",29.888
"18:00:25",35.794
"0:46:39",40.422
"0:47:11",29.364
"21:30:39",37.124
"21:32:13",20.38
"18:39:59",23.752
"7:53:53",1.944
"22:50:42",44.828
"18:35:05",31.244
"17:24:06",75.176
"22:41:49",31.082
"23:54:36",50.76
"0:40:45",11.936
"0:03:38",33.78
"1:15:17",20.586
"22:01:40",35.688
"1:13:54",5.352
"1:23:16",11.084
"18:33:20",40.254
"21:40:14",20.002
"20:39:16",59.132
"21:22:38",15.016
"19:45:01",40.636
"8:00:17",1.802
"1:05:55",5.834
"8:05:50",3.24
"0:11:47",27.362
"2:13:54",3.558
"0:35:02",22.672
"0:43:01",32.404
"1:02:28",5.394
"21:58:01",56.196
"22:20:29",14.366
"2:19:36",12.398
"21:31:42",43.794
"21:13:34",27.282
"23:55:18",41.958
"1:29:10",19.432
"0:00:09",23.838
"0:56:02",11.974
"1:00:23",5.75
"8:15:24",15.668
"21:12:52",31.274
"22:02:22",39.048
"1:07:08",7.13
"2:07:49",1.95
"7:56:08",2.64
"22:08:59",51.846
"20:23:36",34.92
"0:19:26",26.748
"19:24:56",26.09
"22:10:43",83.432
"22:22:35",26.998
"0:04:20",37.468
"20:48:30",23.396
"20:38:55",47.634
"22:59:03",49.768
"17:22:31",61.08
"1:47:56",4.234
"21:03:59",23.594
"19:25:27",26.6
"0:13:01",12.744
"7:21:28",17.242
"21:02:25",40.14
"19:26:42",37.944
"22:33:36",22.722
"20:41:52",51.544
"23:42:49",74.288
"0:36:46",21.144
"1:50:21",3.484
"23:29:07",84.102
"18:41:55",39.382
"1:53:41",5.442
"19:20:07",54.762
"1:40:58",18.888
"21:38:39",23.542
"22:38:20",14.34
"7:36:23",18.06
"23:43:20",75.47
"20:50:04",26.342
"21:08:31",34.278
"1:57:31",2.322
"22:46:31",70.85
"18:11:58",27.468
"7:51:28",5.658
"17:36:15",62.132
"1:45:30",8.3
"17:47:00",49.438
"8:03:03",5.032
"21:12:00",29.49
"18:24:11",26.832
"2:18:34",14.59
"22:39:54",23.78
"22:56:05",73.18
"1:11:07",4.844
"8:37:49",35.456
"8:11:14",4.356
"7:43:30",9.756
"0:45:37",18.08
"2:10:46",4.54
"19:39:36",45.056
"20:40:29",36.184
"0:14:55",12.064
"20:26:34",32.464
"21:29:06",32.486
"1:39:45",21.526
"19:37:51",41.48
"20:32:08",46.484
"22:43:23",54.756
"7:52:51",4.288
"8:06:11",4.078
"23:27:44",84.786
"20:04:36",40.44
"0:22:54",8.988
"20:44:19",44.118
"18:30:00",38.988
"22:57:39",48.222
"0:20:07",14.684
"21:19:19",44.542
"0:25:40",14.178
"0:59:10",6.418
"1:04:53",6.47
"19:11:11",46.08
"21:41:16",22.176
"8:18:32",15.766
"19:50:26",24.512
"17:45:46",62.472
"18:58:50",46.596
"20:29:42",39.084
"0:21:09",17.656
"1:14:15",5.222
"1:12:52",4.054
"18:01:07",42.3
"23:50:38",52.408
"2:14:56",3.224
"0:01:12",39.968
"7:59:04",2.176
"8:04:47",4.59
"1:22:14",12.744
"8:29:28",25.896
"0:48:45",19.132
"2:13:02",8.632
"20:47:27",42.328
"1:38:11",18.45
"0:24:17",18.07
"22:25:13",31.966
"1:18:25",34.862
"18:55:17",35.94
"19:14:43",73.23
"20:25:00",40.46
"2:09:13",1.448
"17:40:14",52.31
"20:16:45",23.584
"0:10:45",22.108
"20:01:16",29.088
"1:27:46",19.996
"19:14:33",79.78
"18:19:46",45.682
"1:49:19",3.754
"20:30:55",33.41
"19:28:17",41.69
"20:36:08",51.876
"0:29:49",20.594
"23:00:16",69.148
"8:14:22",20.136
"22:23:37",20.814
"0:55:00",16.426
"18:22:35",33.568
"7:39:31",15.388
"21:34:50",16.596
"2:17:00",3.274
"18:31:56",51.746
"22:36:56",32.716
"21:16:42",43.864
"0:08:09",13.502
"7:55:06",1.778
"21:55:45",37.95
"19:40:39",46.58
"18:27:00",31.826
"19:36:13",26.922
"22:45:28",57.822
"19:00:16",38.704
"21:24:32",32.284
"0:43:32",28.592
"17:19:03",31.902
"22:34:50",30.114
"0:31:02",35.468
"8:20:27",16.846
"21:07:17",12.752
"7:46:06",20.47
"8:10:53",4.626
"20:26:44",32.826
"1:31:57",35.428
"1:37:40",32.494
"2:18:13",8.644
"17:48:47",55.874
"2:09:55",1.918
"21:35:11",23.52
"8:04:05",7.326
"18:06:58",30.098
"7:36:44",21.28
"23:43:51",79.736
"0:02:04",29.292
"20:54:25",33.412
"21:41:58",22.444
"23:52:21",47.132
"1:02:59",4.89
"18:42:05",52.86
"20:27:36",49.132
"21:36:03",24.256
"1:48:06",8.896
"7:24:36",8.658
"22:55:03",62.376
"21:49:49",14.318
"23:38:19",86.8
"8:33:39",22.492
"18:26:07",38.4
"0:44:24",34.968
"22:23:58",22.092
"1:24:29",22.352
"22:59:55",49.21
"17:37:56",66.94
"18:18:42",42.802
"1:54:54",5.196
"18:41:13",43.748
"1:12:10",6.154
"19:51:18",39.216
"21:23:40",18.418
"20:38:03",33.34
"21:25:36",27.472
"17:56:13",49.732
"2:17:21",5.31
"7:37:36",12.39
"1:15:59",22.782
"0:28:26",32.444
"1:03:40",6.32
"0:29:18",22.62
"23:44:43",78.656
"19:15:47",67.562
"1:46:22",9.018
"17:49:39",55.882
"20:55:17",22.128
"8:43:14",20.222
"7:35:52",19.54
"21:15:50",35.286
"23:49:35",56.564
"19:19:23",45.97
"22:54:11",75.236
"7:50:57",7.898
"7:38:28",12.774
"7:53:22",2.326
"1:36:59",39.36
"18:54:13",39.798
"18:07:51",16.698
"0:57:46",7.12
"0:15:16",13.074
"0:30:10",25.252
"8:29:59",21.2
"19:47:28",31.114
"22:44:36",44.634
"0:26:42",29.96
"1:13:02",4.49
"21:06:25",16.232
"17:50:43",58.282
"22:35:42",20.208
"0:10:24",14.166
"8:21:19",32.306
"19:28:59",36.452
"18:10:02",38.484
"1:04:32",6.378
"18:31:14",41.092
"17:37:32",65.842
"1:39:24",20.664
"22:11:04",77.086
"21:51:33",31.808
"23:53:13",54.128
"18:37:11",48.512
"19:16:40",57.502
"19:12:36",70.042
"20:17:37",20.132
"21:16:00",36.132
"7:49:54",9.75
"23:30:41",72.784
"0:42:40",17.42
"20:20:49",33.804
"19:09:24",49.186
"8:17:29",14.94
"0:45:16",29.808
"22:16:18",36.534
"8:12:37",3.154
"19:52:11",43.524
"7:58:02",2.668
"19:37:30",34.124
"18:17:49",49.478
"20:46:35",35.448
"0:01:54",29.078
"0:58:38",7.28
"0:23:46",13.748
"17:44:20",59.73
"0:46:08",37.212
"8:09:50",3.456
"22:14:12",43.99
"7:54:14",2.56
"0:11:16",17.278
"21:32:34",28.386
"18:09:30",41.186
"18:48:54",54.738
"1:59:46",1.556
"8:25:59",33.738
"20:05:07",44.124
"22:42:52",46.168
"18:03:47",41.828
"17:37:20",48.508
"8:38:42",23.832
"8:13:29",21.076
"19:07:17",47.288
"19:29:09",39.48
"23:32:35",73.832
"0:07:48",18.314
"22:52:26",59.396
"18:46:33",53.208
"1:05:24",4.206
"18:53:21",42.168
"18:59:21",42.962
"7:31:52",19.66
"23:48:43",69.43
"17:39:53",67.916
"1:22:45",13.312
"20:59:17",34.846
"21:43:53",29.708
"19:58:07",35.862
"20:18:29",25.336
"22:25:55",23.508
"20:49:43",19.264
"1:43:14",19.848
"1:21:22",10.564
"20:24:49",57.37
"1:06:47",4.386
"21:57:40",57.038
"21:42:08",29.028
"19:44:08",31.204
"18:24:53",44.264
"17:55:38",53.5
"7:57:10",1.122
"17:43:27",62.124
"23:33:27",101.088
"0:14:24",13.086
"7:25:28",13.264
"8:16:37",13.698
"18:59:33",40.322
"0:55:52",12.598
"18:51:36",38.93
"8:19:24",17.404
"18:08:55",35.624
"8:39:34",23.434
"23:45:35",82.78
"1:55:46",3.492
"7:30:19",12.46
"0:20:59",22.798
"17:52:49",41.47
"20:06:31",45.68
"0:06:04",29.868
"22:10:12",53.424
"7:45:14",22.902
"2:12:41",6.094
"1:44:27",11.352
"2:19:05",14.058
"19:04:28",35.982
"21:53:40",44.63
"23:39:00",89.166
"0:35:54",12.364
"1:28:17",25.142
"17:27:42",59.344
"21:31:11",24.984
"8:32:35",26.918
"21:50:41",28.612
"8:01:09",1.798
"20:31:16",46.126
"8:24:15",29.262
"0:34:10",29.998
"22:51:03",58.51
"21:56:16",53.642
"1:16:09",27.516
"8:35:34",23.68
"0:53:06",17.824
"0:27:34",26.7
"19:01:08",40.31
"20:56:09",20.36
"1:54:02",2.536
"2:15:17",4.64
"18:35:26",44.356
"0:50:19",20.7
"1:47:14",5.2
"20:53:33",30.822
"22:41:28",31.412
"1:32:07",23.14
"21:03:17",15.15
"21:10:05",25.006
"22:39:33",22.156
"22:58:11",50.054
"21:46:30",20.158
"20:24:28",37.356
"1:00:44",6.7
"17:28:13",41.884
"21:05:02",22.846
"19:24:35",30.318
"18:05:02",55.688
"0:41:16",15.86
"21:11:49",29.786
"1:53:09",4.784
"17:20:10",57.144
"8:00:38",1.882
"1:51:46",3.348
"1:35:36",23.906
"22:28:54",38.178
"1:02:07",5.088
"8:10:01",4.86
"18:11:37",29.49
"21:13:13",28.086
"0:26:11",12.278
"21:21:24",35.72
"1:50:42",3.762
"20:25:21",37.938
"21:38:18",28.07
"18:45:37",48.472
"18:03:26",52.32
"21:04:09",11.468
"7:49:02",8.718
"22:33:05",17.402
"20:52:09",24.224
"21:18:48",35.372
"18:44:54",38.042
"20:57:33",29.36
"22:47:44",40.904
"21:10:57",31.798
"7:39:52",14.874
"23:51:09",59.79
"18:14:29",39.564
"20:17:58",23.536
"20:32:39",42.25
"0:58:59",7.438
"8:37:18",24.564
"7:58:54",1.3
"21:03:38",10.184
"18:29:39",61.218
"19:25:06",36.468
"23:59:49",36.012
"21:36:34",18.182
"17:45:03",53.346
"1:34:44",28.954
"8:19:45",20.29
"0:47:32",35.572
"1:36:07",20.292
"8:35:55",26.222
"22:30:49",34.108
"7:50:05",8.004
"21:01:54",35.098
"0:24:38",17.25
"17:26:13",57.138
"23:32:56",80.698
"1:44:06",14.968
"23:41:26",75.786
"20:47:58",26.454
"18:12:30",40.242
"0:12:40",19.916
"18:20:28",38.456
"22:56:26",53.538
"19:31:05",39.07
"22:46:52",56.556
"2:19:57",10.388
"0:40:24",11.314
"1:58:54",2.236
"7:41:35",18.38
"17:58:50",54.446
"8:28:15",20.238
"8:30:51",32.616
"18:22:04",47.308
"20:00:03",21.63
"18:43:50",34.35
"22:13:20",54.59
"23:40:55",99.03
"0:16:39",17.212
"22:38:41",18.184
"19:58:59",32.88
"0:55:31",11.678
"19:39:57",39.614
"1:59:25",2.296
"7:55:37",3.26
"8:14:53",8.532
"20:26:13",32.908
"22:55:55",73.48
"23:54:57",47.956
"1:52:17",4.322
"7:34:19",21.54
"22:23:06",24.984
"8:22:52",37.28
"2:21:20",10.454
"20:27:57",62.54
"21:54:32",31.754
"8:17:08",7.252
"8:15:45",7.406
"18:36:18",38.094
"8:33:18",22.698
"0:56:23",12.05
"22:08:28",57.322
"19:06:13",52.146
"7:56:29",1.806
"8:23:44",29.646
"20:48:51",19.97
"8:04:26",4.074
"17:54:34",43.052
"17:40:35",58.442
"2:13:33",3.648
"20:29:21",40.336
"7:31:00",11.17
"8:36:26",23.224
"23:55:49",32.646
"22:19:47",39.994
"20:07:23",34.284
"2:27:19",13.118
"21:43:01",26.078
"1:20:29",9.664
"0:48:24",33.876
"18:52:28",42.304
"18:50:53",49.764
"19:43:16",45.916
"17:32:24",57.322
"18:47:50",52.098
"7:48:31",13.096
"8:18:53",15.496
"19:11:32",66.186
"21:33:26",10.186
"23:47:51",85.618
"2:14:25",6.624
"19:32:50",30.54
"7:59:25",1.684
"22:51:55",43.33
"22:06:53",66.092
"23:49:14",67.422
"8:14:01",14.754
"8:09:09",5.078
"23:58:57",37.196
"8:31:43",21.778
"23:30:20",74.43
"8:25:07",32.79
"19:09:45",47.006
"8:22:00",21.674
"18:31:35",49.068
"22:50:11",50.27
"7:21:49",7.108
"18:15:01",35.442
"21:55:24",42.914
"17:31:04",55.064
"19:53:03",36.53
"18:16:57",34.638
"7:35:00",16.224
"18:01:51",56.792
"21:12:21",19.658
"19:02:01",53.786
"22:29:46",24.438
"23:54:05",55.354
"17:42:23",65.46
"21:20:32",15.8
"21:47:01",16.314
"23:39:52",99.482
"21:01:02",36.604
"20:47:06",35.846
"8:29:07",28.988
"20:23:57",28.844
"1:38:32",19.768
"7:27:01",11.436
"8:11:45",4.498
"2:06:14",1.6
"21:58:32",44.09
"2:09:34",1.47
"17:36:36",80.512
"20:41:31",49.24
"20:58:25",26.202
"1:46:43",7.448
"19:03:57",31.55
"22:57:18",58.252
"21:02:46",32.828
"7:28:45",14.604
"21:08:09",12.876
"1:23:37",10.442
"21:41:37",20.274
"23:51:50",53.582
"23:50:17",62.568
"1:31:36",25.94
"22:32:13",18.42
"7:23:13",5.85
"23:34:19",86.02
"0:05:33",23.304
"1:07:39",4.174
"17:34:36",51.682
"21:37:26",31.548
"20:51:17",20.962
"0:13:32",13.762
"22:43:44",51.926
"1:15:38",17.564
"23:42:18",79.914
"20:04:15",47.64
"22:02:53",45.926
"7:52:30",1.34
"17:21:17",44.14
